"OBÈINE","2002 Napeljave in pomožni prostori -SKUPAJ","2002 Vodovod","2002 Kanalizacija","2002 Elektrièni tok","2002 Centralno ogrevanje","2002 Kopalnica","2002 Stranišèe","2002 Kuhinja","2003 Napeljave in pomožni prostori -SKUPAJ","2003 Vodovod","2003 Kanalizacija","2003 Elektrièni tok","2003 Centralno ogrevanje","2003 Kopalnica","2003 Stranišèe","2003 Kuhinja","2004 Napeljave in pomožni prostori -SKUPAJ","2004 Vodovod","2004 Kanalizacija","2004 Elektrièni tok","2004 Centralno ogrevanje","2004 Kopalnica","2004 Stranišèe","2004 Kuhinja","2005 Napeljave in pomožni prostori -SKUPAJ","2005 Vodovod","2005 Kanalizacija","2005 Elektrièni tok","2005 Centralno ogrevanje","2005 Kopalnica","2005 Stranišèe","2005 Kuhinja","2006 Napeljave in pomožni prostori -SKUPAJ","2006 Vodovod","2006 Kanalizacija","2006 Elektrièni tok","2006 Centralno ogrevanje","2006 Kopalnica","2006 Stranišèe","2006 Kuhinja","2007 Napeljave in pomožni prostori -SKUPAJ","2007 Vodovod","2007 Kanalizacija","2007 Elektrièni tok","2007 Centralno ogrevanje","2007 Kopalnica","2007 Stranišèe","2007 Kuhinja","2008 Napeljave in pomožni prostori -SKUPAJ","2008 Vodovod","2008 Kanalizacija","2008 Elektrièni tok","2008 Centralno ogrevanje","2008 Kopalnica","2008 Stranišèe","2008 Kuhinja","2009 Napeljave in pomožni prostori -SKUPAJ","2009 Vodovod","2009 Kanalizacija","2009 Elektrièni tok","2009 Centralno ogrevanje","2009 Kopalnica","2009 Stranišèe","2009 Kuhinja","2010 Napeljave in pomožni prostori -SKUPAJ","2010 Vodovod","2010 Kanalizacija","2010 Elektrièni tok","2010 Centralno ogrevanje","2010 Kopalnica","2010 Stranišèe","2010 Kuhinja"
"SLOVENIJA",784912,773366,774387,777925,618084,723388,729055,768480,791268,779727,780748,784281,624324,729820,735452,774855,797981,786460,787488,791002,631001,736676,742275,781587,805203,793706,794753,798239,638223,744010,749590,788823,812370,800909,801992,805431,644620,751328,756873,796024,820400,808961,810083,813471,652749,759515,765019,804083,830047,818647,819798,823152,662407,769302,774796,814054,838252,826908,828078,831427,670744,777661,783101,822032,844349,833026,834196,837544,677004,783846,789268,828155
"Ajdovšèina",6551,6493,6501,6511,4406,6060,6110,6496,6648,6590,6598,6608,4505,6160,6210,6593,6708,6650,6658,6668,4563,6224,6275,6654,6741,6684,6693,6701,4599,6259,6310,6687,6781,6725,6735,6741,4629,6303,6352,6727,6845,6789,6799,6805,4702,6369,6416,6791,6993,6937,6947,6953,4854,6519,6565,6944,7126,7070,7080,7086,4983,6652,6698,7072,7177,7121,7131,7137,5033,6703,6749,7123
"Apaèe",-,-,-,-,-,-,-,-,-,-,-,-,-,-,-,-,-,-,-,-,-,-,-,-,-,-,-,-,-,-,-,-,-,-,-,-,-,-,-,-,1425,1354,1359,1413,986,1202,1193,1405,1429,1358,1363,1417,989,1206,1197,1409,1433,1362,1368,1421,994,1211,1202,1413,1444,1373,1379,1432,1005,1222,1213,1424
"Beltinci",2722,2673,2676,2700,2139,2481,2416,2690,2748,2699,2702,2726,2162,2507,2442,2716,2773,2724,2727,2751,2187,2532,2467,2741,2805,2756,2759,2783,2219,2564,2499,2773,2826,2777,2780,2804,2234,2585,2520,2794,2850,2801,2804,2828,2257,2609,2544,2818,2887,2838,2841,2865,2293,2646,2581,2855,2900,2851,2854,2878,2306,2659,2594,2867,2915,2866,2869,2893,2321,2674,2609,2882
"Benedikt",728,708,710,716,506,604,604,717,775,755,757,763,552,651,651,764,804,785,787,792,582,681,681,793,822,803,805,810,600,699,699,811,833,814,816,821,611,710,710,822,847,828,830,835,625,724,724,836,889,870,873,877,668,767,767,879,949,930,933,937,728,828,827,936,960,941,944,948,739,839,838,947
"Bistrica ob Sotli",617,597,599,608,378,505,514,608,626,606,608,617,387,514,523,617,631,611,613,622,393,520,530,622,634,614,616,625,397,524,534,625,637,618,621,628,400,529,539,628,641,622,625,632,403,533,543,632,653,634,638,644,416,546,556,645,660,641,645,651,423,553,563,652,661,642,646,652,425,554,564,653
"Bled",4738,4692,4694,4650,3616,4435,4528,4645,4762,4716,4718,4674,3640,4459,4552,4669,4792,4746,4748,4704,3674,4491,4584,4699,4839,4793,4795,4751,3723,4539,4633,4747,4864,4818,4820,4776,3743,4564,4658,4772,3720,3687,3690,3665,2925,3512,3581,3649,3764,3731,3734,3709,2969,3556,3625,3694,3782,3749,3752,3727,2988,3574,3643,3712,3806,3773,3776,3751,3012,3598,3667,3736
"Bloke",758,741,743,740,435,651,647,743,760,743,745,742,437,653,649,745,765,748,750,747,442,658,654,750,766,749,751,748,443,659,655,751,776,759,761,758,453,669,665,761,782,765,767,764,459,675,671,767,785,768,770,767,462,678,674,770,797,780,782,779,474,690,686,782,803,786,788,785,481,696,692,788
"Bohinj",2944,2894,2896,2866,1769,2719,2731,2881,2963,2913,2915,2885,1788,2738,2750,2900,2982,2932,2934,2904,1808,2757,2769,2920,2996,2946,2948,2918,1821,2771,2783,2934,3050,3007,3009,2979,1881,2832,2844,2995,3117,3074,3076,3046,1947,2899,2911,3062,3119,3076,3079,3048,1951,2902,2914,3067,3126,3083,3086,3055,1958,2909,2921,3074,3154,3111,3114,3083,1986,2937,2949,3102
"Borovnica",1343,1328,1329,1331,1128,1268,1266,1333,1356,1341,1342,1344,1141,1281,1279,1346,1366,1351,1352,1354,1151,1291,1289,1356,1379,1364,1365,1367,1165,1304,1303,1370,1391,1376,1377,1379,1175,1316,1315,1382,1392,1377,1379,1380,1177,1318,1317,1383,1426,1411,1413,1414,1210,1352,1351,1417,1433,1418,1420,1421,1216,1359,1358,1423,1638,1624,1626,1627,1422,1565,1564,1629
"Bovec",1977,1963,1971,1904,1143,1861,1869,1962,2012,1998,2006,1939,1177,1896,1905,1998,2051,2038,2046,1978,1217,1937,1946,2037,2054,2041,2049,1981,1219,1941,1950,2040,2051,2038,2046,1978,1229,1938,1947,2037,2079,2066,2074,2007,1257,1968,1975,2065,2104,2091,2099,2032,1282,1993,2000,2090,2108,2095,2103,2036,1288,1998,2005,2094,2135,2122,2130,2064,1317,2026,2033,2121
"Braslovèe",1876,1853,1856,1861,1520,1747,1753,1860,1892,1869,1872,1877,1535,1763,1769,1876,1907,1884,1887,1892,1552,1780,1785,1891,1915,1892,1895,1900,1561,1788,1793,1899,1920,1897,1901,1905,1567,1796,1799,1904,1926,1903,1907,1911,1575,1802,1805,1910,1941,1918,1922,1926,1589,1817,1820,1925,1964,1941,1946,1949,1613,1841,1844,1948,1986,1963,1968,1971,1637,1863,1866,1970
"Brda",2345,2270,2272,2276,1502,2086,2089,2283,2374,2299,2301,2305,1532,2116,2118,2312,2397,2322,2324,2328,1557,2141,2143,2335,2421,2346,2349,2352,1582,2166,2168,2359,2445,2370,2373,2376,1603,2190,2192,2383,2463,2388,2391,2394,1619,2208,2210,2401,2485,2410,2413,2416,1641,2230,2232,2423,2503,2428,2431,2434,1659,2248,2251,2439,2523,2448,2451,2454,1678,2268,2271,2459
"Brezovica",3398,3382,3388,3389,2975,3250,3256,3361,3429,3413,3419,3420,3002,3281,3287,3392,3472,3456,3462,3463,3035,3324,3330,3435,3527,3511,3517,3518,3076,3379,3385,3490,3592,3576,3582,3583,3096,3444,3450,3555,3636,3620,3626,3627,3128,3488,3494,3599,3753,3737,3743,3744,3227,3605,3611,3716,3806,3790,3796,3797,3280,3658,3664,3766,3851,3835,3841,3842,3325,3703,3709,3811
"Brežice",10132,9884,9906,10001,7116,9012,9046,9937,10185,9937,9959,10054,7169,9065,9099,9990,10224,9977,9999,10093,7208,9105,9139,10029,10285,10038,10060,10154,7269,9166,9200,10090,10395,10149,10171,10265,7378,9277,9311,10200,10439,10193,10216,10309,7421,9322,9356,10244,10563,10317,10340,10434,7546,9446,9480,10369,10613,10369,10392,10485,7600,9498,9532,10416,10697,10453,10476,10569,7683,9582,9616,10500
"Cankova",686,657,659,671,457,565,563,673,688,659,661,673,459,567,565,675,689,660,662,674,460,568,566,676,693,664,666,678,464,572,570,680,696,667,669,681,466,575,573,683,702,673,675,687,472,581,579,689,705,676,678,690,475,584,582,692,708,679,681,693,478,587,585,693,713,684,686,698,483,592,590,698
"Celje",19565,19388,19396,19509,17273,18799,18934,19070,19591,19414,19422,19535,17298,18825,18960,19096,19605,19428,19436,19549,17311,18839,18974,19110,19638,19461,19469,19582,17343,18872,19007,19143,19697,19520,19528,19641,17369,18931,19066,19202,19787,19610,19618,19731,17458,19021,19156,19292,19822,19645,19653,19766,17493,19056,19191,19327,19949,19772,19780,19893,17619,19183,19318,19454,20006,19829,19837,19950,17676,19240,19375,19511
"Cerklje na Gorenjskem",2315,2294,2297,2284,1793,2176,2160,2268,2341,2320,2323,2310,1816,2202,2186,2294,2369,2349,2353,2339,1844,2232,2216,2322,2388,2368,2372,2358,1866,2251,2235,2341,2419,2399,2403,2389,1897,2282,2266,2372,2504,2484,2488,2474,1974,2367,2351,2457,2542,2522,2526,2512,2015,2405,2390,2498,2593,2573,2578,2563,2070,2458,2443,2546,2624,2604,2609,2594,2104,2491,2474,2577
"Cerknica",4151,4109,4114,4115,3136,3835,3868,4093,4167,4125,4130,4131,3152,3851,3884,4109,4187,4145,4150,4151,3171,3871,3904,4129,4234,4192,4197,4198,3219,3919,3951,4176,4255,4213,4218,4219,3241,3941,3972,4197,4290,4248,4253,4254,3277,3976,4007,4232,4339,4297,4302,4303,3329,4027,4056,4284,4371,4329,4334,4335,3361,4059,4088,4316,4403,4361,4366,4367,3393,4091,4120,4348
"Cerkno",1941,1900,1903,1909,1214,1687,1715,1909,1947,1906,1909,1915,1220,1693,1721,1915,1958,1917,1920,1926,1232,1705,1733,1926,1961,1920,1923,1929,1235,1708,1736,1929,1974,1933,1937,1942,1248,1722,1750,1942,1980,1939,1943,1948,1255,1728,1756,1948,1983,1942,1947,1951,1261,1733,1760,1954,1988,1947,1952,1956,1268,1738,1765,1959,1996,1955,1960,1964,1276,1746,1773,1967
"Cerkvenjak",820,753,757,783,454,578,579,785,828,761,765,791,461,586,587,793,841,775,780,805,476,601,602,806,848,782,787,812,486,611,611,813,858,792,797,822,497,621,621,823,861,795,800,825,500,624,624,826,872,806,811,836,512,636,635,838,879,813,818,843,521,643,642,845,884,818,823,848,529,651,650,851
"Cirkulane",-,-,-,-,-,-,-,-,-,-,-,-,-,-,-,-,-,-,-,-,-,-,-,-,-,-,-,-,-,-,-,-,-,-,-,-,-,-,-,-,1393,1230,1244,1330,518,901,945,1344,1393,1230,1244,1330,518,901,945,1344,1393,1230,1244,1330,518,901,945,1344,1397,1234,1248,1334,522,905,949,1348
"Èrenšovci",1439,1400,1404,1413,1032,1279,1248,1394,1447,1408,1412,1421,1040,1287,1256,1402,1461,1422,1426,1435,1054,1301,1270,1416,1466,1428,1432,1440,1060,1307,1276,1421,1473,1435,1439,1448,1065,1314,1284,1429,1491,1453,1457,1466,1084,1333,1302,1447,1506,1468,1472,1481,1099,1349,1319,1465,1529,1491,1495,1504,1120,1372,1342,1487,1540,1502,1506,1515,1132,1384,1354,1498
"Èrna na Koroškem",1458,1444,1444,1448,1162,1313,1348,1369,1465,1451,1451,1455,1169,1320,1355,1376,1471,1457,1457,1461,1175,1326,1361,1382,1475,1461,1461,1465,1179,1330,1365,1386,1487,1473,1473,1477,1186,1342,1377,1398,1487,1473,1473,1477,1186,1342,1377,1398,1489,1475,1475,1479,1188,1344,1379,1400,1492,1478,1478,1482,1191,1347,1382,1403,1494,1480,1480,1484,1193,1349,1384,1405
"Èrnomelj",5455,5324,5352,5395,3940,4881,4942,5360,5477,5346,5374,5417,3961,4903,4964,5382,5537,5406,5434,5477,4021,4963,5024,5442,5547,5416,5444,5487,4029,4973,5034,5452,5599,5468,5496,5539,4052,5025,5086,5504,5616,5485,5513,5556,4070,5042,5103,5521,5644,5513,5542,5584,4102,5074,5132,5554,5671,5540,5569,5611,4132,5104,5159,5581,5694,5563,5592,5634,4158,5128,5182,5604
"Destrnik",942,916,918,925,598,735,740,926,955,929,931,938,611,748,753,939,965,939,941,948,621,758,763,949,973,947,949,956,629,766,771,957,982,956,958,965,638,775,780,966,986,960,962,969,642,779,784,970,996,970,972,979,652,789,794,980,999,973,975,982,655,792,797,983,1001,975,977,984,657,794,799,985
"Divaèa",1630,1612,1613,1611,1069,1417,1462,1597,1651,1633,1634,1632,1088,1438,1483,1618,1662,1644,1645,1643,1099,1449,1494,1629,1667,1649,1650,1648,1103,1454,1499,1634,1683,1665,1666,1664,1114,1470,1515,1650,1738,1721,1722,1721,1176,1528,1573,1707,1764,1747,1748,1747,1202,1554,1599,1733,1776,1759,1760,1759,1214,1566,1611,1744,1788,1771,1772,1771,1226,1578,1623,1756
"Dobje",396,364,364,378,238,302,314,371,402,370,370,384,244,308,320,377,408,376,376,390,250,314,326,383,412,380,380,394,254,318,330,387,417,385,385,399,259,323,335,392,422,390,390,404,264,328,340,397,423,391,391,405,265,329,341,398,423,391,391,405,265,329,341,398,427,395,395,409,269,333,345,402
"Dobrepolje",1369,1331,1334,1337,993,1205,1203,1346,1382,1344,1347,1350,1004,1218,1216,1359,1392,1354,1357,1360,1014,1228,1226,1369,1401,1363,1366,1369,1023,1237,1235,1378,1431,1393,1396,1399,1052,1267,1265,1408,1444,1406,1409,1412,1065,1280,1278,1421,1468,1430,1433,1436,1089,1304,1302,1445,1520,1482,1485,1488,1141,1356,1354,1497,1538,1500,1503,1506,1159,1374,1372,1515
"Dobrna",731,720,721,726,529,611,624,712,743,732,733,738,540,623,636,724,747,736,737,742,543,627,640,728,753,742,743,748,548,633,646,734,758,747,748,753,550,638,651,739,765,754,755,760,557,645,658,746,769,758,759,764,561,649,662,750,775,764,765,770,565,655,668,756,780,769,770,775,570,660,673,761
"Dobrova - Polhov Gradec",2417,2393,2396,2381,1880,2200,2233,2368,2424,2400,2403,2388,1886,2207,2240,2375,2434,2410,2413,2398,1896,2217,2250,2385,2441,2417,2420,2405,1900,2224,2257,2392,2459,2435,2438,2423,1913,2242,2275,2410,2478,2454,2457,2442,1930,2261,2294,2429,2499,2475,2478,2463,1949,2282,2315,2450,2510,2486,2489,2474,1960,2293,2326,2460,2518,2494,2497,2482,1968,2301,2334,2468
"Dobrovnik/Dobronak",550,527,528,533,347,452,438,542,554,531,532,537,351,456,442,546,559,536,537,542,355,461,447,551,560,537,538,543,356,462,448,552,563,540,541,546,358,465,451,555,564,541,542,547,359,466,452,556,564,541,542,547,359,466,452,556,568,545,546,551,363,470,456,560,571,548,549,554,367,474,460,563
"Dol pri Ljubljani",1488,1478,1480,1476,1259,1391,1414,1464,1500,1490,1492,1488,1271,1403,1426,1476,1558,1548,1550,1546,1330,1461,1484,1534,1576,1566,1568,1564,1347,1479,1502,1552,1606,1596,1598,1594,1370,1509,1532,1582,1659,1649,1651,1647,1423,1562,1585,1635,1697,1687,1690,1685,1462,1601,1624,1674,1871,1861,1864,1859,1636,1775,1798,1848,1886,1876,1879,1874,1652,1791,1814,1863
"Dolenjske Toplice",1575,1544,1556,1533,1075,1321,1367,1546,1578,1547,1559,1536,1078,1324,1370,1549,1579,1548,1560,1537,1079,1325,1371,1550,1581,1550,1562,1539,1081,1327,1373,1552,1582,1551,1563,1540,1081,1328,1374,1553,1595,1564,1576,1553,1093,1341,1387,1566,1600,1569,1581,1558,1098,1346,1392,1571,1606,1575,1587,1564,1104,1352,1398,1577,1611,1580,1592,1569,1108,1357,1403,1582
"Domžale",10684,10647,10650,10659,9785,10366,10426,10530,10717,10680,10683,10692,9818,10399,10459,10563,10921,10884,10887,10896,10022,10603,10663,10767,10974,10937,10940,10949,10069,10656,10716,10820,11108,11071,11074,11083,10144,10790,10850,10954,11244,11207,11210,11219,10277,10926,10986,11090,11370,11333,11336,11345,10403,11052,11112,11216,11447,11410,11413,11422,10480,11129,11189,11292,11585,11549,11552,11561,10619,11268,11328,11431
"Dornava",943,918,919,930,650,796,791,912,951,926,927,938,658,804,799,920,960,935,936,947,667,813,808,929,962,937,938,949,669,815,810,931,970,945,946,957,677,823,818,939,974,949,950,961,681,827,822,943,981,956,957,968,688,834,829,950,1002,977,978,989,709,855,850,971,1008,983,984,995,715,861,856,977
"Dravograd",3091,3075,3076,3078,2637,2898,2936,3049,3137,3121,3122,3124,2682,2944,2982,3095,3189,3173,3174,3176,2734,2996,3034,3147,3203,3187,3188,3190,2746,3010,3048,3161,3240,3224,3225,3227,2763,3053,3091,3198,3263,3247,3248,3250,2786,3076,3114,3221,3284,3268,3269,3271,2805,3097,3135,3242,3314,3298,3299,3301,2835,3127,3165,3272,3336,3320,3321,3323,2857,3149,3187,3294
"Duplek",2173,2136,2139,2146,1721,1965,1992,2140,2189,2152,2155,2162,1737,1981,2008,2156,2220,2183,2186,2193,1768,2012,2039,2187,2247,2210,2213,2220,1795,2039,2066,2214,2280,2243,2247,2253,1827,2073,2100,2248,2400,2363,2368,2373,1951,2196,2221,2368,2508,2472,2477,2482,2060,2305,2330,2477,2575,2540,2545,2550,2133,2375,2398,2545,2600,2565,2570,2575,2158,2400,2423,2570
"Gorenja vas - Poljane",2501,2455,2462,2447,1645,2235,2291,2462,2536,2490,2497,2482,1679,2270,2326,2497,2574,2528,2535,2520,1715,2308,2364,2535,2602,2556,2563,2548,1742,2336,2392,2563,2630,2584,2593,2576,1771,2366,2422,2591,2647,2601,2610,2593,1789,2384,2439,2608,2669,2623,2632,2615,1811,2406,2461,2630,2688,2642,2651,2634,1829,2425,2480,2648,2727,2681,2690,2673,1868,2464,2519,2687
"Gorišnica",2686,2490,2506,2613,1541,2072,2119,2603,2702,2506,2522,2629,1556,2088,2135,2619,2728,2532,2548,2655,1580,2114,2161,2645,2747,2551,2567,2674,1592,2133,2180,2664,2778,2582,2598,2705,1616,2164,2211,2695,1397,1364,1366,1387,1110,1275,1278,1363,1407,1374,1376,1397,1120,1285,1288,1373,1420,1387,1389,1410,1133,1298,1301,1386,1424,1391,1393,1414,1137,1302,1305,1390
"Gorje",-,-,-,-,-,-,-,-,-,-,-,-,-,-,-,-,-,-,-,-,-,-,-,-,-,-,-,-,-,-,-,-,-,-,-,-,-,-,-,-,1189,1176,1177,1156,866,1099,1124,1168,1188,1175,1176,1155,867,1098,1123,1169,1188,1175,1176,1155,867,1098,1123,1164,1201,1188,1189,1168,880,1111,1136,1177
"Gornja Radgona",4777,4605,4618,4722,3509,4167,4169,4676,4809,4637,4650,4754,3540,4199,4201,4708,4843,4672,4685,4788,3575,4237,4239,4742,4873,4702,4715,4818,3604,4268,4269,4773,4904,4733,4748,4849,3629,4303,4302,4806,3502,3402,3412,3459,2665,3124,3133,3424,3529,3429,3439,3486,2692,3151,3160,3451,3562,3462,3472,3520,2726,3184,3193,3476,3590,3490,3500,3548,2754,3212,3221,3504
"Gornji Grad",965,958,958,z,683,890,878,953,964,957,z,z,685,892,877,952,965,958,z,z,688,894,878,953,966,959,z,z,689,895,879,954,967,960,962,z,692,898,881,956,973,966,z,z,698,904,887,962,973,966,z,z,699,904,887,963,980,973,z,z,706,911,894,970,983,976,z,z,712,916,897,973
"Gornji Petrovci",993,872,878,966,495,684,655,979,996,875,881,969,498,687,658,982,1000,879,885,973,502,691,662,986,1003,882,888,976,505,694,665,989,1008,887,893,981,509,699,670,994,1013,892,898,986,514,704,675,999,1020,899,905,993,521,711,682,1006,1025,904,910,998,526,716,687,1010,1035,914,920,1008,536,726,697,1020
"Grad",864,807,810,835,515,681,640,856,866,809,812,837,516,683,642,858,868,811,814,839,518,685,644,860,871,814,817,842,521,688,647,863,876,819,822,847,523,693,652,868,882,825,828,853,529,699,658,874,887,830,833,858,533,704,663,879,891,834,837,862,537,708,667,883,894,837,840,865,540,711,670,886
"Grosuplje",5616,5534,5547,5555,4801,5250,5289,5549,5675,5593,5606,5614,4859,5309,5348,5608,5752,5670,5683,5691,4936,5386,5425,5685,5862,5780,5793,5801,5046,5496,5535,5795,6299,6217,6230,6238,5478,5933,5972,6232,6371,6289,6302,6310,5549,6005,6044,6304,6438,6356,6369,6377,5616,6072,6111,6371,6518,6436,6449,6457,5695,6152,6191,6451,6585,6503,6516,6524,5762,6219,6258,6518
"Hajdina",1296,1286,1289,1291,1074,1203,1182,1282,1305,1295,1298,1300,1083,1212,1191,1291,1317,1307,1310,1312,1095,1224,1203,1303,1340,1330,1333,1335,1118,1247,1226,1326,1355,1345,1348,1350,1133,1262,1241,1341,1370,1360,1363,1365,1143,1277,1256,1356,1374,1364,1367,1369,1147,1281,1260,1360,1386,1376,1379,1381,1159,1293,1272,1371,1389,1379,1382,1384,1162,1296,1275,1374
"Hoèe - Slivnica",3732,3701,3703,3716,3173,3534,3572,3678,3769,3738,3740,3753,3210,3571,3609,3715,3823,3792,3794,3807,3264,3625,3663,3769,3935,3904,3906,3919,3375,3737,3775,3881,3992,3962,3964,3977,3430,3795,3833,3939,4097,4067,4070,4082,3535,3901,3939,4045,4231,4202,4206,4217,3671,4037,4075,4182,4273,4244,4248,4259,3714,4079,4117,4224,4305,4276,4280,4291,3747,4111,4149,4256
"Hodoš/Hodos",141,135,135,z,80,112,98,z,143,137,137,z,z,114,100,143,145,139,z,z,84,116,102,145,146,140,z,z,85,117,103,146,146,140,140,z,85,117,103,146,146,140,z,z,85,117,103,146,148,142,z,z,87,119,105,148,148,142,142,z,87,119,105,z,148,142,142,z,87,119,105,z
"Horjul",862,z,z,z,720,814,821,850,863,z,z,z,721,815,822,851,866,z,z,z,724,818,825,854,870,z,z,z,728,822,829,858,875,z,z,z,732,827,834,863,877,z,z,z,734,829,836,865,879,z,z,z,736,831,838,867,883,z,z,z,740,835,842,871,884,z,z,z,741,836,843,872
"Hrastnik",4235,4215,4217,4217,3504,3886,3894,4171,4279,4259,4261,4261,3551,3930,3938,4215,4294,4274,4276,4276,3566,3945,3953,4230,4300,4280,4282,4282,3571,3951,3959,4236,4317,4297,4299,4299,3582,3968,3976,4253,4329,4309,4311,4311,3594,3980,3988,4265,4334,4314,4316,4316,3600,3985,3993,4271,4324,4304,4306,4306,3613,3996,3983,4261,4302,4282,4284,4284,3619,3990,3977,4239
"Hrpelje - Kozina",1802,1763,1768,1787,1060,1586,1551,1793,1818,1779,1784,1803,1074,1602,1567,1809,1828,1789,1794,1813,1083,1612,1577,1819,1845,1806,1811,1830,1100,1629,1594,1836,1860,1821,1826,1845,1112,1644,1609,1851,1918,1878,1883,1901,1163,1699,1664,1907,2122,2082,2087,2105,1367,1903,1868,2111,2149,2109,2114,2132,1394,1930,1895,2135,2191,2151,2156,2174,1435,1972,1937,2177
"Idrija",4922,4879,4884,4868,3313,4527,4632,4864,4938,4895,4900,4884,3329,4543,4648,4880,4958,4915,4920,4904,3358,4571,4668,4900,4991,4948,4953,4937,3391,4604,4701,4933,5010,4968,4973,4956,3409,4624,4721,4952,5041,4999,5004,4987,3440,4655,4752,4983,5054,5012,5017,5000,3453,4668,4765,4996,5071,5029,5034,5018,3470,4685,4783,5010,5098,5056,5061,5045,3497,4712,4810,5037
"Ig",2277,2231,2233,2254,1752,2058,2118,2239,2290,2244,2246,2267,1765,2071,2131,2252,2312,2266,2268,2289,1785,2093,2153,2274,2333,2287,2289,2310,1804,2114,2174,2295,2377,2331,2333,2354,1842,2158,2218,2339,2390,2344,2347,2367,1857,2172,2232,2352,2410,2364,2367,2387,1876,2192,2252,2372,2440,2394,2397,2417,1904,2222,2282,2396,2475,2429,2432,2452,1937,2257,2317,2431
"Ilirska Bistrica",5743,5664,5676,5676,3800,5187,5226,5687,5764,5685,5697,5697,3821,5209,5247,5708,5777,5700,5713,5711,3841,5229,5265,5722,5795,5719,5733,5729,3866,5251,5286,5740,5809,5735,5753,5743,3884,5275,5306,5755,5824,5752,5770,5758,3909,5303,5326,5770,5841,5769,5788,5775,3927,5321,5344,5788,5893,5821,5840,5827,3978,5375,5396,5840,5912,5841,5860,5847,3998,5395,5417,5861
"Ivanèna Gorica",5549,5407,5419,5397,3988,4843,4899,5426,5609,5467,5479,5457,4042,4903,4959,5486,5651,5509,5521,5499,4082,4946,5001,5528,5727,5585,5597,5575,4158,5022,5077,5604,5794,5652,5664,5642,4218,5089,5144,5671,5915,5773,5785,5763,4337,5210,5265,5792,6036,5895,5907,5885,4459,5332,5387,5914,6100,5959,5971,5949,4523,5397,5452,5978,6209,6068,6080,6058,4633,5506,5561,6087
"Izola/Isola",6059,6032,6038,6042,3443,5938,5961,5995,6098,6071,6077,6081,3467,5977,6000,6034,6182,6155,6161,6165,3543,6061,6084,6118,6448,6421,6427,6431,3794,6327,6350,6384,6577,6550,6556,6560,3836,6456,6479,6513,6711,6684,6690,6694,3964,6590,6613,6647,6782,6756,6762,6766,4035,6662,6685,6724,6897,6871,6877,6881,4146,6777,6800,6839,6937,6911,6917,6921,4185,6817,6840,6879
"Jesenice",8567,8532,8533,8544,7386,8213,8330,8337,8590,8555,8556,8567,7413,8241,8356,8360,8652,8617,8618,8629,7475,8304,8419,8422,8666,8631,8632,8643,7494,8321,8434,8436,8691,8656,8657,8668,7516,8351,8459,8461,8723,8688,8689,8700,7556,8383,8493,8494,8913,8878,8879,8890,7753,8573,8683,8692,8967,8932,8933,8944,7808,8628,8737,8739,9032,8997,8998,9009,7874,8693,8802,8804
"Jezersko",287,282,z,282,158,244,257,277,289,284,z,284,z,246,259,279,290,z,z,285,161,247,260,280,291,286,z,z,162,248,261,281,293,288,z,288,164,250,263,283,299,z,z,294,168,256,269,289,299,294,z,z,168,256,269,289,298,293,z,z,168,256,268,286,299,294,z,z,169,257,269,287
"Juršinci",987,890,897,956,541,685,689,952,990,893,900,959,544,688,692,955,1002,905,912,971,556,700,704,967,1007,910,917,976,561,705,709,972,1017,920,927,986,570,715,719,982,1025,928,935,994,578,723,727,990,1033,936,943,1002,585,731,735,998,1037,940,947,1006,589,735,739,1000,1043,946,953,1012,595,741,745,1006
"Kamnik",9663,9523,9532,9535,8102,9032,9064,9546,9722,9582,9591,9594,8156,9091,9123,9605,9764,9624,9633,9636,8197,9133,9165,9647,9904,9764,9773,9776,8336,9273,9305,9787,10294,10154,10163,10166,8710,9663,9696,10178,10374,10234,10243,10246,8790,9743,9776,10258,10419,10279,10288,10291,8835,9788,9821,10304,10472,10332,10342,10344,8889,9842,9875,10354,10568,10428,10438,10440,8984,9938,9971,10450
"Kanal",2625,2566,2568,2557,1323,2339,2371,2572,2630,2571,2573,2562,1329,2344,2376,2577,2645,2586,2588,2577,1343,2359,2391,2592,2656,2597,2599,2588,1354,2370,2402,2603,2675,2616,2618,2607,1372,2389,2421,2622,2689,2630,2632,2621,1384,2403,2435,2636,2703,2644,2646,2635,1391,2417,2449,2650,2712,2653,2655,2644,1400,2426,2458,2640,2720,2661,2663,2652,1410,2434,2466,2648
"Kidrièevo",2349,2322,2328,2344,1972,2136,2127,2309,2378,2351,2357,2373,2001,2165,2156,2338,2413,2386,2392,2408,2036,2200,2191,2373,2426,2399,2405,2421,2049,2213,2204,2386,2448,2421,2427,2443,2071,2235,2226,2408,2461,2434,2440,2456,2084,2248,2239,2421,2475,2448,2454,2470,2098,2262,2253,2435,2487,2460,2466,2482,2110,2274,2265,2446,2494,2467,2473,2489,2117,2281,2272,2453
"Kobarid",2070,2055,2055,2052,1300,1933,1968,2041,2092,2077,2077,2074,1321,1955,1990,2063,2112,2097,2097,2094,1340,1975,2010,2083,2121,2106,2106,2103,1349,1984,2019,2092,2130,2115,2115,2112,1355,1993,2028,2101,2130,2115,2115,2112,1355,1995,2031,2101,2159,2144,2144,2141,1384,2024,2061,2131,2169,2154,2154,2151,1391,2034,2072,2141,2177,2162,2162,2159,1397,2042,2080,2149
"Kobilje",280,264,264,268,155,202,185,276,283,267,267,271,158,205,188,z,286,270,270,z,162,209,192,z,287,271,271,z,163,210,193,z,296,280,280,284,172,219,202,z,297,281,281,z,173,220,203,z,298,282,282,z,174,221,204,z,300,284,284,288,176,223,206,294,299,283,283,287,176,223,206,293
"Koèevje",6342,6274,6283,6306,4492,5882,5990,6225,6349,6281,6290,6313,4499,5889,5997,6232,6387,6319,6328,6351,4537,5927,6035,6270,6415,6347,6356,6379,4565,5955,6063,6298,6450,6382,6391,6414,4605,5991,6099,6333,6500,6432,6441,6464,4655,6055,6162,6390,6630,6562,6571,6594,4784,6185,6292,6521,6655,6587,6596,6619,4808,6210,6317,6546,6683,6615,6624,6647,4834,6238,6345,6574
"Komen",1563,1538,1545,1547,995,1372,1348,1531,1573,1548,1555,1557,1001,1382,1358,1541,1581,1556,1563,1565,1008,1390,1366,1549,1597,1572,1579,1581,1024,1406,1382,1565,1609,1584,1591,1593,1031,1418,1394,1577,1618,1593,1600,1602,1040,1427,1403,1586,1638,1613,1620,1622,1060,1447,1423,1606,1649,1624,1631,1633,1071,1458,1434,1617,1655,1630,1637,1639,1077,1464,1440,1623
"Komenda",1503,z,z,z,1282,1433,1444,1479,1519,z,z,z,1298,1449,1460,1495,1536,z,z,z,1315,1466,1477,1512,1552,z,z,z,1332,1482,1493,1528,1578,z,z,z,1357,1508,1519,1554,1760,z,z,z,1539,1690,1701,1736,1815,z,z,z,1594,1745,1756,1791,1964,z,z,z,1743,1894,1905,1940,2140,z,z,z,1918,2070,2081,2116
"Koper/Capodistria",20368,20000,20036,20194,14087,19292,19315,19935,20504,20136,20172,20330,14223,19428,19451,20071,20881,20513,20549,20707,14599,19805,19828,20448,21231,20863,20899,21057,14949,20155,20178,20798,21668,21300,21336,21494,15354,20592,20615,21235,22108,21740,21776,21934,15794,21032,21055,21675,22373,22005,22041,22199,16059,21297,21320,21940,22828,22460,22496,22654,16514,21752,21775,22395,22980,22612,22648,22806,16666,21904,21927,22547
"Kostanjevica na Krki",-,-,-,-,-,-,-,-,-,-,-,-,-,-,-,-,-,-,-,-,-,-,-,-,-,-,-,-,-,-,-,-,-,-,-,-,-,-,-,-,963,948,948,948,666,823,828,943,964,949,949,949,667,824,829,944,965,950,950,950,668,825,830,945,975,960,960,960,678,835,840,955
"Kostel",576,534,548,550,151,376,420,565,579,537,551,553,153,379,423,568,580,538,552,554,154,380,424,569,583,541,555,557,157,383,427,572,584,542,556,558,158,384,428,573,586,544,558,560,159,386,430,575,591,549,563,565,163,391,435,580,592,550,564,566,164,392,436,526,596,554,568,570,167,396,440,530
"Kozje",1355,1324,1329,1339,878,1145,1169,1322,1368,1337,1342,1352,889,1158,1182,1335,1371,1340,1345,1355,894,1164,1188,1338,1384,1353,1358,1368,907,1177,1202,1351,1388,1357,1364,1372,912,1184,1208,1355,1399,1368,1377,1383,925,1197,1221,1366,1402,1373,1383,1387,931,1203,1227,1373,1406,1378,1388,1392,935,1208,1232,1377,1414,1386,1396,1400,945,1218,1241,1385
"Kranj",19128,19097,19104,19089,16856,18631,18744,18890,19219,19188,19195,19180,16949,18722,18835,18981,19388,19357,19364,19349,17117,18895,19006,19152,19525,19494,19501,19486,17253,19033,19143,19289,19740,19709,19717,19701,17444,19249,19359,19504,20483,20454,20463,20444,18164,19989,20104,20244,20810,20781,20790,20772,18495,20317,20431,20575,21327,21298,21307,21303,18998,20834,20948,21092,21487,21458,21467,21463,19164,20995,21109,21252
"Kranjska Gora",3071,3056,3057,3058,2215,2907,2960,3016,3146,3131,3132,3133,2291,2983,3036,3091,3225,3210,3211,3212,2374,3063,3115,3170,3251,3236,3238,3238,2402,3089,3142,3196,3292,3277,3283,3279,2436,3134,3187,3237,3378,3365,3372,3365,2534,3231,3277,3323,3421,3408,3415,3408,2581,3274,3320,3372,3514,3501,3508,3501,2677,3367,3413,3460,3539,3526,3533,3526,2704,3392,3438,3485
"Križevci",1228,1212,1215,1219,934,1075,1038,1206,1237,1221,1224,1228,943,1085,1047,1215,1245,1229,1232,1236,951,1093,1055,1223,1248,1232,1235,1239,954,1096,1058,1226,1258,1242,1245,1249,962,1106,1068,1236,1263,1247,1250,1254,967,1111,1073,1241,1271,1255,1258,1262,975,1119,1081,1249,1283,1267,1270,1274,987,1131,1093,1261,1290,1274,1277,1281,995,1138,1100,1268
"Krško",10760,10575,10584,10618,8035,9462,9632,10532,10819,10634,10643,10677,8096,9522,9691,10591,10878,10693,10702,10736,8155,9581,9750,10650,10914,10729,10738,10772,8191,9617,9786,10686,10957,10772,10781,10815,8225,9660,9829,10729,10033,9863,9872,9906,7596,8876,9040,9825,10107,9937,9946,9980,7670,8950,9114,9899,10168,9998,10007,10041,7730,9011,9175,9960,10226,10056,10065,10099,7788,9069,9233,10018
"Kungota",1732,1609,1626,1697,1165,1386,1422,1676,1765,1642,1659,1730,1195,1419,1455,1709,1796,1674,1691,1762,1228,1452,1488,1741,1838,1717,1734,1804,1266,1496,1532,1783,1856,1737,1754,1822,1280,1516,1552,1801,1893,1774,1791,1859,1317,1553,1589,1839,1924,1805,1822,1890,1348,1584,1620,1870,1978,1859,1876,1944,1402,1638,1674,1924,2013,1894,1911,1979,1437,1673,1709,1959
"Kuzma",579,544,550,562,366,465,440,570,580,545,551,563,367,466,441,571,583,548,554,566,370,469,444,574,590,555,561,573,377,476,451,581,594,559,565,577,381,480,455,585,596,561,567,579,382,482,457,587,608,573,579,591,394,494,469,599,615,580,586,598,401,501,476,606,619,584,590,602,405,505,480,610
"Laško",5713,5542,5558,5597,3961,4945,5007,5579,5755,5584,5600,5639,4003,4987,5049,5621,5788,5617,5633,5672,4040,5020,5082,5654,5812,5641,5657,5696,4071,5045,5106,5678,5863,5692,5709,5747,4124,5098,5158,5729,5887,5716,5733,5771,4155,5128,5182,5753,5907,5736,5753,5791,4182,5150,5202,5780,5916,5745,5762,5800,4198,5161,5215,5788,5930,5759,5776,5814,4213,5176,5229,5802
"Lenart",3996,3910,3919,3961,3042,3470,3495,3914,4051,3965,3974,4016,3094,3525,3550,3969,4097,4012,4021,4063,3146,3575,3602,4016,4247,4164,4173,4214,3305,3731,3757,4167,4296,4215,4225,4264,3354,3786,3810,4218,2866,2827,2835,2847,2323,2593,2615,2815,2950,2911,2919,2931,2408,2677,2699,2901,3009,2970,2980,2990,2470,2738,2760,2955,3059,3021,3031,3040,2524,2791,2813,3007
"Lendava/Lendva",5454,5192,5215,5315,3273,4387,4362,5290,5470,5208,5231,5331,3288,4403,4378,5306,5490,5228,5251,5351,3309,4423,4398,5326,5495,5233,5256,5356,3318,4432,4404,5331,5502,5240,5263,5363,3326,4441,4413,5338,5537,5275,5298,5398,3360,4476,4448,5373,5561,5299,5322,5422,3385,4501,4473,5399,5596,5338,5361,5459,3426,4542,4514,5433,5613,5357,5380,5477,3449,4563,4536,5452
"Litija",5701,5595,5602,5586,4217,5105,5205,5552,5763,5657,5664,5648,4273,5167,5267,5614,5796,5690,5697,5681,4306,5200,5300,5647,5835,5729,5736,5720,4347,5239,5339,5686,5843,5737,5744,5728,4356,5247,5347,5694,5918,5814,5823,5804,4437,5326,5426,5771,5990,5888,5898,5878,4513,5401,5501,5848,6127,6034,6044,6027,4663,5549,5647,5995,6183,6092,6102,6085,4723,5607,5705,6053
"Ljubljana",113748,113359,113387,113595,104970,110869,111365,110999,114917,114528,114556,114764,106152,112060,112548,112180,115786,115398,115426,115633,107000,112937,113422,113049,117071,116683,116711,116918,108306,114228,114713,114338,117486,117098,117128,117333,108716,114645,115130,114753,118150,117765,117795,117997,109387,115314,115799,115418,119687,119302,119332,119534,110797,116860,117347,116979,120459,120086,120116,120318,111590,117643,118129,117761,120915,120542,120572,120774,112050,118099,118586,118218
"Ljubno",1054,1033,1034,1038,769,954,951,1033,1062,1041,1042,1046,777,962,959,1041,1065,1044,1046,1049,782,966,962,1044,1069,1048,1050,1053,787,971,966,1048,1069,1048,1050,1053,789,972,966,1048,1070,1049,1051,1054,790,973,967,1049,1073,1052,1054,1057,794,976,970,1053,1074,1053,1055,1058,795,977,971,1054,1079,1058,1060,1063,800,982,976,1059
"Ljutomer",4644,4545,4551,4597,3319,4042,4051,4554,4703,4604,4610,4656,3377,4101,4110,4613,4729,4630,4636,4682,3401,4127,4136,4639,4760,4661,4667,4713,3432,4158,4167,4670,4797,4698,4704,4750,3463,4195,4204,4707,4821,4722,4728,4774,3486,4219,4228,4731,4847,4748,4754,4800,3510,4245,4254,4757,4873,4774,4780,4826,3536,4271,4280,4783,4918,4819,4825,4871,3580,4316,4325,4828
"Log - Dragomer",-,-,-,-,-,-,-,-,-,-,-,-,-,-,-,-,-,-,-,-,-,-,-,-,-,-,-,-,-,-,-,-,-,-,-,-,-,-,-,-,1240,1229,1229,1234,1132,1208,1207,1219,1247,1236,1236,1241,1139,1215,1214,1226,1249,1238,1238,1243,1141,1217,1216,1228,1254,1243,1243,1248,1146,1222,1221,1233
"Logatec",4054,4036,4039,4033,3420,3869,3889,4025,4103,4085,4088,4082,3471,3920,3938,4074,4145,4127,4130,4124,3517,3963,3980,4116,4324,4306,4309,4303,3696,4142,4159,4295,4344,4326,4331,4323,3718,4164,4181,4315,4419,4401,4406,4398,3793,4239,4256,4390,4475,4457,4462,4454,3848,4295,4312,4448,4865,4848,4853,4844,4239,4687,4703,4840,4933,4916,4921,4912,4311,4758,4771,4908
"Loška dolina",1539,1513,1514,1527,1189,1390,1380,1518,1541,1515,1516,1529,1191,1392,1382,1520,1546,1520,1521,1534,1196,1397,1387,1525,1550,1524,1525,1538,1200,1401,1391,1529,1555,1529,1530,1543,1203,1406,1396,1534,1559,1533,1534,1547,1207,1410,1400,1538,1561,1535,1536,1549,1209,1412,1402,1540,1562,1536,1537,1551,1211,1413,1403,1533,1568,1542,1543,1557,1217,1419,1409,1539
"Loški Potok",888,848,856,869,516,723,729,878,892,852,860,873,520,727,733,882,895,855,863,876,525,732,737,885,899,859,867,880,529,736,741,889,903,863,871,884,533,740,745,893,905,865,873,886,534,742,747,895,905,865,873,886,534,742,747,895,909,869,877,890,538,746,751,899,916,876,884,897,545,753,758,906
"Lovrenc na Pohorju",1218,1192,1195,1210,784,1063,1092,1188,1224,1198,1201,1216,790,1069,1098,1194,1228,1202,1205,1220,794,1073,1102,1198,1234,1208,1211,1226,800,1079,1108,1204,1242,1216,1219,1234,806,1087,1116,1212,1249,1223,1226,1241,813,1094,1123,1219,1254,1228,1231,1246,818,1099,1128,1224,1261,1235,1238,1253,825,1106,1135,1230,1285,1259,1262,1277,850,1130,1160,1254
"Luèe",653,635,636,640,419,539,555,635,656,638,639,643,422,542,558,638,658,640,641,645,424,544,560,640,660,642,643,647,426,546,562,642,665,647,648,652,432,551,567,647,665,647,648,652,433,552,568,648,666,648,649,653,434,553,569,649,666,648,649,653,435,553,569,644,667,649,650,654,437,555,570,645
"Lukovica",1648,1621,1626,1626,1282,1486,1490,1620,1659,1632,1637,1637,1292,1497,1501,1631,1670,1643,1648,1648,1302,1508,1512,1642,1675,1648,1653,1653,1306,1513,1517,1647,1686,1659,1664,1664,1310,1524,1528,1658,1704,1677,1682,1682,1328,1542,1546,1676,1726,1699,1704,1704,1350,1564,1568,1698,1741,1714,1719,1719,1365,1579,1583,1711,1747,1720,1725,1725,1371,1585,1589,1717
"Majšperk",1722,1607,1612,1676,1087,1331,1379,1649,1726,1611,1616,1680,1090,1335,1383,1653,1737,1622,1627,1691,1100,1346,1394,1664,1742,1627,1632,1696,1105,1351,1399,1669,1754,1639,1644,1708,1116,1363,1411,1681,1760,1645,1650,1714,1122,1369,1417,1687,1772,1657,1662,1726,1134,1381,1429,1699,1778,1663,1668,1732,1140,1387,1435,1699,1786,1671,1676,1740,1148,1395,1443,1707
"Makole",-,-,-,-,-,-,-,-,-,-,-,-,-,-,-,-,-,-,-,-,-,-,-,-,-,-,-,-,-,-,-,-,-,-,-,-,-,-,-,-,955,910,911,915,547,725,768,926,955,910,911,915,547,725,768,926,958,913,914,918,550,728,771,929,962,917,918,922,554,732,775,933
"Maribor",48456,48053,48079,48359,40173,45910,46259,47262,49101,48698,48724,49004,40826,46563,46904,47910,49614,49212,49238,49517,41342,47082,47422,48426,50237,49835,49864,50140,41963,47716,48052,49050,50636,50235,50264,50540,42339,48121,48456,49450,51296,50895,50928,51200,43015,48787,49122,50110,52133,51736,51769,52041,43895,49655,49988,51008,52473,52080,52114,52383,44262,50008,50334,51349,52575,52182,52216,52485,44371,50113,50438,51451
"Markovci",1311,1295,1296,z,1040,1207,1184,1290,1322,1306,1307,z,z,1218,1195,1301,1337,1321,z,z,1066,1233,1210,1316,1344,1328,z,z,1073,1240,1217,1323,1351,1335,1336,z,1080,1247,1224,1330,1359,1343,z,z,1088,1255,1232,1338,1364,1348,z,z,1093,1260,1237,1343,1375,1359,z,z,1104,1271,1248,1354,1380,1364,z,z,1109,1276,1253,1359
"Medvode",5167,5148,5151,5141,4397,4989,5035,5117,5194,5175,5178,5168,4426,5017,5062,5144,5264,5245,5248,5238,4498,5088,5132,5214,5326,5309,5313,5301,4564,5153,5197,5276,5380,5363,5367,5355,4617,5209,5251,5330,5464,5447,5451,5439,4702,5294,5337,5414,5558,5541,5545,5533,4796,5388,5431,5508,5706,5689,5693,5681,4946,5537,5579,5656,5778,5761,5765,5753,5020,5609,5651,5728
"Mengeš",2334,2329,2329,2328,2066,2255,2276,2313,2338,2333,2333,2332,2070,2259,2280,2317,2338,2333,2333,2332,2070,2259,2280,2317,2349,2344,2344,2343,2079,2270,2291,2328,2397,2392,2392,2391,2125,2318,2339,2376,2412,2407,2407,2406,2140,2333,2354,2391,2442,2437,2437,2436,2170,2363,2384,2421,2454,2449,2449,2448,2182,2375,2396,2433,2457,2452,2452,2451,2185,2378,2399,2436
"Metlika",3208,3131,3136,3148,2347,2894,2924,3160,3219,3142,3147,3159,2355,2905,2935,3171,3237,3160,3165,3177,2370,2925,2954,3189,3246,3170,3175,3186,2379,2936,2965,3198,3264,3188,3193,3204,2393,2954,2983,3216,3283,3208,3213,3223,2409,2974,3003,3235,3301,3227,3233,3241,2427,2994,3023,3258,3316,3243,3249,3257,2439,3010,3039,3272,3328,3255,3261,3269,2450,3024,3053,3284
"Mežica",1517,z,z,1517,1360,1441,1465,1506,1522,z,z,1522,1366,1447,1470,1511,1541,z,z,1541,1385,1466,1489,1530,1548,z,z,1548,1392,1473,1496,1537,1556,z,z,1556,1399,1481,1504,1545,1556,z,z,1556,1399,1481,1504,1545,1557,z,z,1557,1400,1482,1505,1546,1563,z,z,z,1406,1488,1511,1551,1563,z,z,z,1406,1488,1511,1551
"Miklavž na Dravskem polju",2223,2207,2213,z,2025,2139,2146,2200,2244,2228,2234,z,z,2160,2167,2221,2279,2263,z,z,2081,2195,2202,2256,2339,2323,z,z,2140,2255,2262,2316,2369,2353,2359,z,2169,2285,2292,2346,2396,2380,z,z,2197,2312,2320,2374,2440,2425,z,z,2242,2357,2365,2420,2489,2475,z,z,2292,2407,2415,2469,2518,2504,z,z,2321,2436,2444,2498
"Miren - Kostanjevica",1828,1820,1821,1823,1311,1689,1648,1811,1846,1838,1839,1841,1329,1707,1666,1829,1863,1855,1856,1858,1346,1724,1683,1846,1879,1871,1872,1874,1359,1740,1699,1862,1902,1894,1895,1897,1379,1763,1722,1885,1923,1915,1916,1918,1400,1784,1743,1906,1943,1935,1936,1938,1420,1804,1763,1926,1958,1950,1951,1953,1438,1820,1780,1942,1997,1989,1990,1992,1477,1859,1819,1981
"Mirna Peè",1029,998,1005,1013,661,848,879,1009,1037,1006,1013,1021,669,856,887,1017,1042,1011,1018,1026,674,861,892,1022,1053,1022,1029,1037,685,872,903,1033,1065,1034,1041,1049,697,884,915,1045,1070,1039,1046,1054,702,889,920,1050,1073,1042,1049,1057,705,892,923,1053,1079,1048,1055,1063,711,898,929,1058,1083,1052,1059,1067,715,902,933,1062
"Mislinja",1680,1655,1657,1660,1374,1491,1527,1634,1702,1677,1679,1682,1395,1513,1549,1656,1710,1685,1687,1690,1406,1521,1557,1664,1732,1707,1709,1712,1428,1543,1579,1686,1740,1715,1717,1720,1435,1551,1587,1694,1751,1726,1728,1731,1446,1562,1598,1705,1760,1735,1737,1740,1455,1571,1607,1714,1825,1800,1802,1805,1519,1636,1672,1779,1833,1808,1810,1813,1527,1644,1680,1787
"Mokronog - Trebelno",-,-,-,-,-,-,-,-,-,-,-,-,-,-,-,-,-,-,-,-,-,-,-,-,-,-,-,-,-,-,-,-,-,-,-,-,-,-,-,-,1365,1317,1325,1353,789,1103,1135,1325,1373,1325,1333,1361,798,1111,1144,1334,1370,1322,1330,1358,798,1111,1141,1332,1370,1324,1332,1360,803,1115,1143,1334
"Moravèe",1588,1565,1571,1572,1161,1417,1448,1558,1601,1578,1584,1585,1174,1430,1461,1571,1609,1586,1592,1593,1181,1438,1469,1579,1618,1595,1601,1602,1189,1447,1478,1588,1627,1604,1610,1611,1198,1456,1487,1597,1639,1616,1622,1623,1210,1468,1499,1609,1654,1631,1637,1638,1225,1483,1514,1624,1671,1648,1654,1655,1242,1500,1531,1641,1686,1663,1669,1670,1257,1515,1546,1656
"Moravske Toplice",2701,2492,2501,2615,1638,2073,1961,2638,2717,2508,2517,2631,1651,2089,1977,2654,2741,2532,2541,2655,1674,2113,2001,2678,2763,2554,2563,2677,1694,2135,2023,2700,2779,2570,2579,2693,1707,2151,2039,2716,2804,2595,2604,2718,1732,2176,2064,2741,2826,2618,2627,2740,1755,2199,2087,2764,2848,2640,2649,2762,1776,2221,2109,2775,2871,2663,2672,2785,1799,2244,2132,2798
"Mozirje",2295,2274,2275,2288,1867,2157,2161,2230,2297,2277,2278,2290,1873,2162,2164,2232,2308,2288,2289,2301,1885,2174,2175,2243,2364,2344,2345,2357,1941,2231,2231,2299,2420,2400,2402,2413,1996,2288,2288,2355,1591,1580,z,z,1350,1510,1519,1540,1589,1581,z,z,1355,1512,1520,1545,1597,1589,z,z,1363,1520,1528,1552,1606,1598,z,z,1373,1530,1537,1562
"Murska Sobota",7489,7433,7434,7459,6435,7233,7207,7386,7506,7450,7451,7476,6452,7250,7224,7403,7531,7475,7476,7501,6474,7275,7249,7428,7557,7501,7502,7527,6500,7301,7275,7454,7594,7538,7539,7564,6519,7338,7312,7491,7626,7570,7571,7596,6551,7370,7344,7523,7658,7605,7606,7631,6587,7406,7379,7559,7693,7640,7641,7666,6622,7441,7414,7594,7723,7670,7671,7696,6652,7471,7444,7624
"Muta",1258,1246,1246,1249,1008,1148,1163,1233,1271,1259,1259,1262,1021,1161,1176,1246,1298,1286,1286,1289,1048,1188,1203,1273,1309,1297,1297,1300,1059,1199,1214,1284,1332,1320,1320,1323,1079,1222,1237,1307,1334,1323,1324,1326,1083,1226,1241,1310,1346,1335,1336,1338,1096,1238,1253,1323,1355,1344,1345,1347,1105,1247,1262,1331,1361,1350,1351,1353,1111,1253,1268,1337
"Naklo",1682,1670,1673,1672,1424,1588,1605,1665,1696,1684,1687,1686,1437,1602,1619,1679,1713,1702,1705,1703,1455,1620,1637,1696,1718,1707,1710,1708,1462,1625,1642,1701,1730,1719,1722,1720,1476,1637,1654,1713,1747,1736,1739,1737,1493,1654,1671,1730,1765,1754,1757,1755,1512,1672,1689,1749,1779,1768,1771,1769,1526,1686,1703,1763,1790,1779,1782,1780,1537,1697,1714,1774
"Nazarje",934,920,921,928,759,874,882,925,936,922,923,930,762,877,884,927,940,926,927,934,766,881,888,931,942,928,929,936,768,883,890,933,942,928,929,936,770,883,890,933,943,929,930,937,772,884,891,934,943,929,930,937,772,884,891,934,947,933,934,941,776,888,895,938,951,937,938,945,780,892,899,942
"Nova Gorica",13919,13818,13832,13813,10624,13146,13140,13793,14091,13990,14004,13985,10794,13319,13312,13965,14225,14124,14138,14119,10930,13456,13446,14099,14311,14210,14224,14205,11019,13544,13533,14185,14477,14376,14390,14371,11182,13718,13706,14351,13095,13001,13013,12997,10149,12403,12398,12977,13202,13108,13120,13104,10256,12510,12505,13084,13514,13420,13432,13416,10570,12823,12817,13396,13593,13499,13511,13495,10649,12902,12896,13475
"Novo mesto",16545,16200,16218,16369,12862,14895,15275,16086,16618,16273,16291,16442,12935,14968,15348,16159,16724,16379,16397,16548,13040,15074,15454,16265,16815,16470,16488,16639,13131,15165,15545,16356,17051,16706,16724,16875,13306,15401,15781,16592,14123,13849,13866,13974,11453,12950,13253,13707,14340,14066,14083,14191,11669,13167,13470,13924,14407,14133,14150,14258,11735,13234,13537,13990,14448,14174,14191,14299,11776,13275,13578,14031
"Odranci",483,471,473,473,358,438,425,z,491,479,481,481,366,446,433,z,495,483,z,485,370,450,437,z,497,485,487,z,372,452,439,z,500,488,490,490,375,455,442,z,501,489,491,z,377,457,444,z,503,491,493,z,379,459,446,z,506,494,496,z,383,463,450,z,509,497,499,499,386,466,453,504
"Oplotnica",1325,1290,1291,1298,911,1114,1140,1287,1332,1297,1298,1305,918,1121,1147,1294,1340,1305,1306,1313,926,1129,1155,1302,1351,1316,1317,1324,937,1140,1166,1313,1377,1342,1343,1350,963,1166,1192,1339,1397,1362,1363,1370,982,1186,1212,1359,1415,1380,1381,1388,1001,1205,1231,1378,1440,1405,1406,1413,1026,1230,1256,1399,1452,1417,1418,1425,1038,1242,1268,1411
"Ormož",7038,6782,6806,6902,4405,5791,5725,6768,7079,6823,6847,6943,4438,5832,5766,6809,7106,6850,6874,6970,4475,5866,5801,6837,7136,6881,6907,7000,4510,5902,5840,6867,7173,6919,6947,7037,4553,5946,5881,6905,5540,5323,5344,5431,3509,4594,4595,5319,5569,5354,5376,5460,3544,4627,4627,5357,5612,5397,5421,5503,3591,4674,4672,5400,5662,5447,5471,5553,3646,4726,4723,5450
"Osilnica",219,214,214,213,84,160,165,212,219,214,214,213,84,160,165,212,220,215,215,214,85,161,166,213,221,216,216,215,86,162,167,214,223,218,218,217,86,164,169,216,224,219,219,218,87,165,170,217,224,219,219,218,87,165,170,217,224,219,219,218,87,165,170,216,231,226,226,225,94,172,177,223
"Pesnica",2653,2555,2566,2605,1884,2263,2291,2602,2675,2577,2588,2627,1906,2285,2313,2624,2706,2608,2619,2658,1938,2317,2345,2655,2726,2630,2642,2680,1963,2341,2369,2675,2781,2685,2697,2735,2014,2396,2424,2730,2811,2715,2727,2765,2044,2426,2454,2760,2844,2748,2760,2798,2077,2459,2487,2794,2877,2781,2793,2832,2112,2492,2520,2827,2898,2802,2814,2853,2133,2513,2541,2848
"Piran/Pirano",8283,8192,8197,8210,4932,8018,8072,8131,8317,8226,8231,8244,4962,8052,8106,8165,8391,8300,8305,8318,5026,8126,8180,8239,8553,8463,8468,8480,5140,8289,8345,8403,8628,8538,8543,8555,5198,8364,8420,8478,8697,8607,8612,8624,5262,8434,8490,8547,8817,8727,8732,8744,5362,8555,8611,8672,8939,8849,8854,8867,5462,8677,8736,8795,8971,8882,8887,8900,5490,8710,8769,8828
"Pivka",2402,2356,2364,2379,1642,2147,2156,2361,2451,2406,2414,2428,1692,2197,2206,2410,2473,2428,2436,2450,1714,2219,2228,2432,2488,2443,2451,2465,1729,2234,2243,2447,2506,2461,2469,2483,1742,2252,2261,2465,2513,2468,2476,2490,1752,2260,2269,2472,2527,2484,2492,2506,1769,2276,2286,2490,2545,2503,2512,2525,1789,2296,2306,2509,2557,2515,2524,2537,1804,2308,2319,2522
"Podèetrtek",1425,1399,1402,1398,896,1255,1278,1401,1449,1423,1426,1422,911,1279,1302,1425,1470,1448,1452,1444,929,1308,1331,1446,1487,1466,1470,1462,945,1327,1350,1463,1503,1482,1489,1478,961,1346,1370,1479,1535,1514,1523,1510,993,1381,1404,1512,1543,1522,1533,1518,1002,1391,1416,1526,1575,1554,1565,1550,1037,1426,1448,1558,1587,1567,1578,1563,1052,1440,1461,1570
"Podlehnik",1057,880,890,1004,396,639,654,1023,1061,884,894,1008,399,643,658,1027,1063,886,896,1010,401,645,660,1029,1066,889,899,1013,404,648,663,1032,1074,897,907,1021,411,656,671,1040,1079,902,912,1026,416,661,676,1045,1081,904,914,1028,418,663,678,1047,1084,907,917,1031,421,666,681,1050,1086,909,919,1033,423,668,683,1052
"Podvelka",1035,999,1003,1020,644,864,890,1005,1052,1016,1020,1037,661,881,907,1022,1062,1026,1030,1047,671,891,917,1032,1067,1031,1035,1052,676,896,922,1037,1073,1037,1041,1058,681,902,928,1043,1081,1045,1049,1066,689,910,936,1051,1083,1047,1051,1068,691,912,938,1053,1088,1052,1056,1073,696,917,943,1058,1092,1056,1060,1077,701,922,948,1062
"Poljèane",-,-,-,-,-,-,-,-,-,-,-,-,-,-,-,-,-,-,-,-,-,-,-,-,-,-,-,-,-,-,-,-,-,-,-,-,-,-,-,-,1775,1749,1751,1748,1262,1533,1600,1734,1778,1752,1754,1751,1265,1536,1603,1737,1780,1754,1756,1753,1267,1538,1605,1733,1825,1799,1801,1798,1312,1583,1650,1778
"Polzela",1903,1890,1892,1888,1610,1808,1813,1880,1923,1910,1912,1908,1630,1828,1833,1900,1942,1929,1931,1927,1652,1849,1853,1919,1953,1940,1942,1938,1665,1860,1865,1931,1965,1952,1954,1950,1677,1872,1877,1943,1974,1961,1963,1959,1688,1882,1886,1952,1999,1986,1988,1985,1714,1907,1912,1978,2022,2009,2011,2008,1738,1930,1935,2001,2066,2053,2055,2052,1782,1974,1979,2045
"Postojna",5797,5761,5769,5767,4654,5461,5520,5748,5864,5829,5837,5834,4721,5529,5588,5815,5933,5898,5906,5903,4792,5599,5658,5884,6000,5965,5973,5970,4867,5670,5728,5951,6035,6001,6009,6006,4898,5707,5764,5986,6108,6075,6083,6080,4977,5787,5841,6060,6372,6339,6347,6344,5242,6052,6106,6326,6426,6397,6405,6401,5302,6110,6164,6380,6513,6486,6494,6490,5393,6200,6254,6469
"Prebold",1756,1727,1734,1746,1490,1624,1644,1720,1760,1731,1738,1750,1494,1628,1648,1724,1766,1737,1744,1756,1500,1634,1654,1730,1790,1761,1768,1780,1524,1658,1678,1754,1791,1762,1769,1781,1525,1659,1679,1755,1839,1810,1818,1829,1574,1708,1728,1803,1845,1816,1824,1835,1581,1714,1735,1810,1872,1843,1851,1862,1608,1741,1762,1837,1880,1851,1859,1870,1616,1749,1770,1845
"Preddvor",1164,1157,1158,1158,902,1106,1120,1150,1181,1174,1175,1175,918,1123,1137,1167,1191,1184,1185,1185,928,1133,1147,1177,1206,1200,1201,1200,944,1149,1163,1192,1222,1216,1217,1216,959,1165,1179,1208,1234,1228,1229,1228,971,1177,1191,1220,1238,1232,1233,1232,975,1181,1195,1224,1243,1237,1238,1237,980,1186,1200,1224,1278,1272,1273,1272,1015,1221,1235,1259
"Prevalje",2433,2419,2420,2428,2213,2297,2345,2401,2459,2445,2446,2454,2239,2323,2371,2427,2496,2482,2483,2491,2276,2360,2408,2464,2512,2498,2499,2507,2292,2376,2424,2480,2557,2543,2544,2552,2337,2421,2469,2525,2577,2563,2564,2572,2356,2441,2489,2545,2588,2574,2575,2583,2367,2452,2500,2556,2593,2579,2580,2588,2372,2457,2505,2557,2627,2613,2614,2622,2405,2491,2539,2591
"Ptuj",9233,9142,9153,9204,7799,8653,8685,9027,9291,9200,9211,9262,7857,8711,8743,9085,9403,9312,9323,9374,7969,8823,8855,9197,9441,9350,9361,9412,8009,8862,8893,9235,9477,9386,9397,9448,8042,8898,8929,9271,9517,9426,9437,9488,8081,8938,8969,9311,9555,9464,9475,9526,8119,8976,9007,9349,9597,9506,9517,9568,8161,9018,9049,9389,9626,9535,9546,9597,8189,9047,9078,9418
"Puconci",2354,2243,2256,2293,1449,1848,1729,2302,2369,2258,2271,2308,1463,1863,1744,2317,2385,2274,2287,2324,1478,1879,1760,2333,2398,2287,2300,2337,1491,1892,1773,2346,2418,2307,2320,2357,1507,1912,1793,2366,2435,2324,2337,2374,1523,1929,1810,2383,2468,2357,2370,2407,1556,1962,1843,2416,2484,2373,2386,2423,1572,1978,1859,2430,2501,2390,2403,2440,1589,1995,1876,2447
"Raèe - Fram",2383,2344,2349,2364,1903,2193,2214,2341,2415,2376,2381,2396,1935,2225,2246,2373,2469,2430,2435,2450,1989,2279,2300,2427,2507,2468,2473,2488,2027,2317,2338,2465,2541,2502,2507,2522,2059,2351,2372,2499,2602,2563,2568,2583,2121,2413,2433,2560,2660,2621,2626,2641,2180,2471,2491,2619,2709,2671,2676,2691,2231,2521,2541,2668,2733,2695,2700,2715,2255,2545,2565,2692
"Radeèe",1949,1915,1916,1922,1415,1724,1760,1893,1956,1922,1923,1929,1423,1731,1767,1900,1965,1931,1932,1938,1434,1741,1776,1909,1972,1938,1939,1945,1444,1749,1783,1916,1979,1945,1946,1952,1451,1756,1790,1923,1984,1950,1951,1957,1456,1763,1795,1928,1988,1954,1955,1961,1461,1767,1799,1933,1988,1954,1955,1961,1464,1769,1799,1933,2013,1979,1980,1986,1490,1794,1824,1958
"Radenci",2105,2053,2057,2070,1611,1867,1801,2068,2121,2069,2073,2086,1627,1883,1817,2084,2148,2097,2101,2113,1651,1911,1845,2111,2159,2108,2112,2124,1662,1922,1856,2122,2164,2113,2117,2129,1666,1927,1861,2127,2173,2122,2127,2138,1675,1937,1871,2136,2270,2219,2224,2235,1772,2034,1968,2233,2280,2229,2234,2245,1781,2044,1978,2243,2291,2240,2245,2256,1791,2055,1989,2254
"Radlje ob Dravi",2179,2154,2157,2163,1687,1981,2016,2140,2208,2183,2186,2192,1716,2010,2045,2169,2232,2207,2210,2216,1740,2034,2069,2193,2240,2215,2218,2224,1748,2042,2077,2201,2261,2236,2239,2245,1766,2063,2098,2222,2269,2244,2247,2253,1774,2071,2106,2230,2287,2262,2265,2271,1791,2089,2124,2248,2305,2280,2283,2289,1810,2107,2142,2266,2387,2362,2365,2371,1893,2190,2224,2348
"Radovljica",6975,6926,6933,6913,5924,6682,6783,6850,7023,6974,6981,6961,5971,6730,6831,6898,7062,7014,7021,7001,6017,6771,6873,6938,7114,7066,7073,7053,6069,6823,6925,6990,7200,7153,7160,7140,6155,6912,7012,7077,7239,7192,7199,7179,6195,6951,7051,7116,7291,7244,7251,7231,6248,7003,7103,7169,7312,7266,7274,7253,6274,7027,7126,7191,7362,7316,7324,7303,6325,7077,7176,7241
"Ravne na Koroškem",4498,4485,4487,4481,4315,4353,4390,4393,4572,4559,4561,4555,4390,4428,4464,4467,4620,4607,4609,4603,4438,4476,4512,4515,4645,4632,4634,4628,4463,4501,4537,4540,4672,4659,4661,4655,4490,4528,4565,4567,4678,4665,4667,4661,4496,4534,4571,4573,4687,4674,4676,4670,4505,4543,4580,4582,4780,4767,4769,4763,4598,4636,4673,4675,4790,4777,4779,4773,4608,4646,4683,4685
"Razkrižje",445,422,424,z,304,364,362,427,450,427,429,z,z,369,367,432,452,429,431,z,311,371,369,z,457,434,436,z,316,376,374,z,463,440,442,z,321,382,380,445,468,445,447,z,325,387,385,z,474,451,453,z,331,393,391,z,475,452,z,z,332,394,392,454,482,459,z,z,339,401,399,461
"Reèica ob Savinji",-,-,-,-,-,-,-,-,-,-,-,-,-,-,-,-,-,-,-,-,-,-,-,-,-,-,-,-,-,-,-,-,-,-,-,-,-,-,-,-,836,827,z,z,653,785,776,822,835,826,z,z,653,785,775,823,835,826,z,z,653,785,775,823,834,825,z,z,654,785,774,822
"Renèe - Vogrsko",-,-,-,-,-,-,-,-,-,-,-,-,-,-,-,-,-,-,-,-,-,-,-,-,-,-,-,-,-,-,-,-,-,-,-,-,-,-,-,-,1537,1530,1532,1529,1190,1471,1463,1529,1537,1530,1532,1529,1190,1471,1463,1529,1565,1558,1560,1557,1220,1500,1492,1558,1578,1571,1573,1570,1233,1513,1505,1571
"Ribnica",3355,3328,3334,3322,2707,3147,3155,3327,3380,3353,3359,3347,2734,3172,3180,3352,3396,3369,3375,3363,2752,3190,3197,3368,3421,3394,3400,3388,2776,3215,3222,3393,3444,3417,3423,3411,2800,3239,3245,3416,3467,3440,3446,3434,2820,3262,3268,3439,3492,3465,3471,3459,2844,3287,3293,3464,3514,3487,3493,3481,2865,3310,3315,3485,3616,3589,3595,3583,2967,3412,3417,3587
"Ribnica na Pohorju",576,558,559,562,339,470,505,551,579,561,562,565,342,473,508,554,581,563,564,567,344,475,510,556,580,562,563,566,344,475,509,555,586,568,569,572,348,481,515,561,598,580,581,584,360,493,527,573,602,584,585,588,364,497,531,577,605,587,588,591,367,500,534,571,599,581,582,585,367,494,528,565
"Rogaška Slatina",4032,3965,3969,3997,3177,3638,3705,3913,4071,4004,4008,4036,3209,3677,3744,3952,4113,4046,4050,4078,3246,3722,3789,3994,4144,4075,4080,4106,3275,3752,3819,4022,4192,4124,4129,4155,3305,3801,3868,4070,4242,4175,4179,4207,3342,3849,3916,4123,4253,4186,4192,4218,3360,3863,3932,4145,4271,4204,4212,4236,3381,3883,3953,4163,4337,4271,4279,4303,3452,3951,4020,4231
"Rogašovci",1136,1080,1085,1101,719,920,901,1120,1139,1083,1088,1104,722,923,904,1123,1143,1087,1092,1108,726,927,908,1127,1149,1096,1101,1117,734,936,917,1136,1153,1100,1105,1121,737,940,921,1140,1151,1097,1103,1117,742,941,922,1135,1157,1103,1109,1123,748,947,928,1141,1162,1108,1114,1128,753,952,933,1146,1169,1115,1121,1135,760,959,940,1153
"Rogatec",1127,1092,1095,1108,755,963,996,1101,1136,1101,1104,1117,763,972,1005,1110,1144,1109,1112,1125,770,981,1013,1118,1149,1114,1117,1130,775,986,1018,1123,1154,1119,1122,1135,777,991,1023,1128,1160,1126,1129,1142,783,998,1030,1135,1162,1128,1132,1144,785,1001,1033,1138,1165,1131,1135,1147,787,1004,1036,1141,1171,1137,1141,1153,794,1010,1042,1147
"Ruše",2853,2844,2846,2848,2283,2716,2753,2833,2899,2890,2892,2894,2329,2762,2799,2879,2917,2908,2910,2912,2347,2780,2817,2897,2988,2979,2981,2983,2418,2851,2888,2968,3028,3019,3021,3023,2452,2891,2928,3008,3054,3045,3047,3049,2478,2917,2954,3034,3110,3101,3103,3105,2534,2973,3010,3090,3188,3179,3181,3183,2612,3051,3088,3168,3198,3189,3191,3193,2622,3061,3098,3178
"Selnica ob Dravi",1655,1625,1630,1636,1277,1462,1492,1608,1673,1643,1648,1654,1295,1480,1510,1626,1677,1647,1652,1658,1300,1484,1514,1630,1689,1659,1664,1670,1312,1496,1526,1642,1695,1665,1670,1676,1318,1502,1532,1648,1711,1681,1686,1692,1334,1518,1548,1664,1733,1704,1709,1715,1357,1541,1571,1687,1753,1724,1729,1735,1377,1561,1591,1706,1765,1736,1741,1747,1389,1573,1603,1718
"Semiè",1549,1509,1513,1523,1018,1348,1382,1510,1560,1520,1524,1534,1029,1359,1393,1521,1593,1553,1557,1567,1062,1392,1426,1554,1601,1561,1565,1575,1068,1400,1434,1562,1619,1579,1583,1593,1083,1418,1452,1580,1628,1588,1592,1602,1092,1427,1461,1589,1637,1597,1601,1611,1102,1436,1470,1599,1641,1601,1605,1615,1106,1440,1474,1602,1643,1604,1608,1618,1109,1443,1477,1604
"Sevnica",7675,7502,7508,7531,5169,6379,6601,7456,7735,7562,7568,7591,5220,6439,6661,7516,7780,7607,7613,7636,5260,6484,6706,7561,7822,7649,7655,7678,5301,6526,6748,7603,7863,7690,7696,7719,5340,6567,6789,7644,7953,7780,7786,7809,5430,6657,6879,7734,8009,7836,7842,7865,5486,6713,6935,7790,8027,7860,7867,7890,5511,6738,6960,7815,8062,7895,7902,7925,5548,6773,6995,7850
"Sežana",4974,4933,4940,4949,3919,4655,4608,4887,4991,4950,4957,4966,3934,4672,4625,4904,5017,4976,4983,4992,3956,4698,4651,4930,5102,5061,5068,5077,4037,4783,4736,5015,5160,5119,5126,5135,4094,4841,4794,5073,5279,5238,5245,5254,4212,4960,4913,5192,5343,5302,5309,5318,4275,5024,4977,5256,5389,5348,5355,5364,4321,5070,5023,5302,5435,5394,5401,5410,4367,5116,5069,5348
"Slovenj Gradec",6040,5983,5990,6008,5351,5736,5792,5924,6107,6050,6057,6075,5416,5803,5859,5991,6143,6086,6093,6111,5451,5839,5895,6027,6188,6131,6138,6156,5496,5884,5940,6072,6249,6192,6199,6217,5552,5945,6001,6133,6260,6203,6210,6228,5563,5957,6013,6144,6318,6261,6268,6286,5621,6015,6071,6202,6383,6326,6333,6351,5684,6080,6136,6267,6413,6356,6363,6381,5715,6110,6166,6297
"Slovenska Bistrica",11568,11388,11403,11427,8609,10251,10457,11284,11667,11487,11502,11526,8699,10350,10556,11383,11822,11642,11657,11681,8853,10505,10711,11538,11930,11750,11765,11789,8960,10614,10819,11646,12177,11997,12012,12036,9195,10861,11066,11893,9609,9500,9512,9535,7553,8768,8860,9395,9792,9683,9695,9718,7736,8952,9044,9580,9998,9890,9902,9925,7942,9159,9251,9785,10139,10032,10044,10067,8087,9302,9394,9927
"Slovenske Konjice",5144,5071,5079,5099,3956,4608,4702,5027,5189,5116,5124,5144,3997,4653,4747,5072,5225,5152,5160,5180,4028,4689,4783,5108,5268,5195,5203,5223,4070,4732,4826,5151,5337,5264,5272,5292,4131,4801,4895,5220,5404,5331,5339,5359,4197,4868,4962,5287,5490,5417,5425,5446,4284,4954,5048,5374,5552,5479,5487,5508,4346,5016,5110,5436,5637,5564,5572,5593,4431,5101,5195,5521
"Sodražica",917,903,906,904,665,813,830,905,932,918,921,919,680,828,845,920,937,923,926,924,690,837,850,927,939,925,928,926,692,839,852,929,945,931,934,932,694,845,858,935,951,937,940,938,700,851,864,941,962,948,951,949,711,862,875,952,970,956,959,957,719,870,883,960,979,965,968,966,727,879,892,969
"Solèava",218,z,z,z,168,193,205,212,219,z,z,z,169,194,206,213,219,z,z,z,169,194,206,213,220,z,z,z,170,195,207,214,221,z,z,z,171,196,208,215,221,z,z,z,171,196,208,215,221,z,z,z,171,196,208,215,222,z,z,z,172,197,209,216,222,z,z,z,172,197,209,216
"Središèe ob Dravi",-,-,-,-,-,-,-,-,-,-,-,-,-,-,-,-,-,-,-,-,-,-,-,-,-,-,-,-,-,-,-,-,-,-,-,-,-,-,-,-,808,796,798,803,596,738,693,802,806,795,798,801,596,738,693,802,805,794,797,z,596,737,693,z,805,794,797,z,596,737,693,z
"Starše",1461,1436,1439,1450,1222,1348,1340,1431,1469,1444,1447,1458,1230,1356,1348,1439,1484,1459,1462,1473,1245,1371,1363,1454,1496,1471,1474,1485,1257,1383,1375,1466,1510,1485,1488,1499,1272,1397,1389,1480,1514,1489,1492,1504,1279,1402,1393,1485,1533,1509,1513,1524,1301,1423,1414,1509,1554,1530,1534,1545,1322,1444,1435,1530,1566,1542,1546,1557,1335,1456,1447,1542
"Straža",-,-,-,-,-,-,-,-,-,-,-,-,-,-,-,-,-,-,-,-,-,-,-,-,-,-,-,-,-,-,-,-,-,-,-,-,-,-,-,-,1686,1644,1645,1674,1186,1391,1427,1664,1686,1644,1645,1674,1186,1391,1427,1664,1687,1645,1646,1675,1187,1392,1428,1665,1692,1650,1651,1680,1191,1397,1433,1670
"Sveta Ana",743,721,721,737,502,617,621,731,753,731,731,747,512,627,631,741,756,734,734,750,519,633,637,745,765,743,743,759,528,642,646,754,770,748,748,764,533,648,651,759,777,755,755,771,541,655,658,766,782,761,761,776,546,661,664,772,789,768,768,783,553,668,671,776,795,774,774,789,562,675,678,782
"Sveta Trojica v Slov. goricah",-,-,-,-,-,-,-,-,-,-,-,-,-,-,-,-,-,-,-,-,-,-,-,-,-,-,-,-,-,-,-,-,-,-,-,-,-,-,-,-,774,769,z,z,591,684,684,761,773,768,z,z,592,685,685,762,774,769,z,z,594,686,686,763,783,778,z,z,603,695,695,772
"Sveti Andraž v Slov. goricah",408,396,396,399,258,329,331,402,410,398,398,401,260,331,333,404,411,399,399,402,261,332,334,405,412,400,400,403,262,333,335,406,417,405,405,408,267,338,340,411,418,406,406,409,268,339,341,412,419,407,407,410,269,340,342,413,422,410,410,413,272,343,345,416,422,410,410,413,272,343,345,416
"Sveti Jurij ob Šèavnici",1204,1146,1146,1161,691,892,905,1164,1219,1161,1161,1176,705,907,920,1179,1233,1175,1175,1190,720,923,935,1193,1251,1193,1193,1208,735,941,953,1211,1260,1202,1202,1217,741,950,962,1220,1268,1210,1210,1225,752,959,971,1229,1274,1216,1216,1231,757,965,977,1235,1287,1229,1229,1244,770,978,990,1248,1299,1241,1241,1256,782,990,1002,1260
"Sveti Jurij v Slov. goricah",-,-,-,-,-,-,-,-,-,-,-,-,-,-,-,-,-,-,-,-,-,-,-,-,-,-,-,-,-,-,-,-,-,-,-,-,-,-,-,-,722,685,688,710,511,578,580,708,720,683,689,708,512,579,581,710,735,698,705,723,529,595,597,725,739,702,709,727,534,600,602,729
"Sveti Tomaž",-,-,-,-,-,-,-,-,-,-,-,-,-,-,-,-,-,-,-,-,-,-,-,-,-,-,-,-,-,-,-,-,-,-,-,-,-,-,-,-,867,842,847,845,492,656,637,826,868,843,848,846,493,657,638,827,866,841,846,844,493,656,636,825,868,843,848,846,498,658,639,827
"Šalovci",743,640,643,707,368,513,475,719,749,646,649,713,374,519,481,725,756,653,656,720,380,526,488,732,761,658,661,725,384,531,493,737,784,681,684,748,406,554,516,760,787,684,687,751,409,557,519,763,791,688,691,755,413,561,523,767,796,693,696,760,418,566,528,772,799,696,699,763,421,569,531,775
"Šempeter - Vrtojba",2350,2340,2341,2343,1956,2290,2287,2324,2377,2367,2368,2370,1984,2318,2314,2351,2404,2394,2395,2397,2011,2345,2341,2378,2424,2414,2415,2417,2031,2365,2361,2398,2449,2439,2440,2442,2053,2390,2386,2423,2465,2455,2456,2458,2069,2406,2402,2439,2502,2492,2493,2495,2106,2443,2439,2476,2517,2507,2508,2510,2120,2458,2454,2491,2580,2570,2571,2573,2183,2521,2517,2554
"Šenèur",2840,2826,2826,2833,2497,2741,2745,2821,2878,2864,2864,2871,2533,2779,2783,2859,2897,2883,2883,2890,2552,2798,2802,2878,2919,2905,2905,2912,2574,2820,2824,2900,2951,2937,2937,2944,2602,2852,2856,2932,2669,2655,2656,2662,2350,2577,2578,2653,2694,2680,2681,2687,2376,2602,2603,2679,2726,2712,2713,2719,2408,2634,2635,2711,2746,2732,2733,2739,2430,2654,2655,2731
"Šentilj",2930,2818,2826,2887,2192,2520,2537,2876,2947,2835,2843,2904,2209,2537,2554,2893,2979,2867,2875,2936,2242,2570,2587,2925,2996,2885,2893,2954,2260,2589,2605,2942,3023,2913,2921,2982,2277,2617,2633,2970,3054,2944,2952,3013,2308,2648,2664,3001,3113,3003,3011,3072,2367,2707,2723,3060,3143,3033,3041,3102,2397,2737,2753,3089,3253,3143,3151,3212,2507,2847,2863,3199
"Šentjernej",2621,2548,2556,2580,1713,2142,2172,2520,2632,2559,2567,2591,1724,2153,2183,2531,2642,2569,2577,2601,1734,2163,2193,2541,2660,2587,2595,2619,1752,2181,2211,2559,2678,2605,2613,2637,1767,2199,2229,2577,2696,2623,2631,2655,1785,2217,2247,2595,2704,2631,2639,2663,1793,2225,2255,2603,2711,2638,2646,2670,1800,2232,2262,2610,2720,2647,2655,2679,1809,2241,2271,2619
"Šentjur",7180,6973,6991,7067,5258,6163,6335,6909,7233,7026,7044,7120,5306,6216,6388,6962,7291,7084,7102,7178,5359,6274,6446,7020,7352,7145,7163,7239,5418,6335,6507,7081,7446,7239,7257,7333,5493,6429,6601,7175,7530,7323,7341,7417,5575,6513,6685,7259,7589,7382,7400,7476,5632,6572,6744,7318,7655,7448,7466,7542,5698,6638,6810,7383,7724,7517,7535,7611,5767,6707,6879,7452
"Šentrupert",-,-,-,-,-,-,-,-,-,-,-,-,-,-,-,-,-,-,-,-,-,-,-,-,-,-,-,-,-,-,-,-,-,-,-,-,-,-,-,-,1153,1123,1126,1118,596,939,982,1114,1153,1123,1126,1118,596,939,982,1114,1154,1124,1127,1119,598,941,983,1115,1155,1125,1128,1120,601,942,984,1116
"Škocjan",1322,1254,1258,1280,776,1044,1063,1295,1331,1263,1267,1289,784,1053,1072,1304,1339,1271,1275,1297,792,1061,1080,1312,1347,1279,1283,1305,800,1069,1088,1320,1356,1288,1292,1314,808,1078,1097,1329,1361,1293,1297,1319,813,1083,1102,1334,1368,1300,1304,1326,820,1090,1109,1341,1374,1306,1310,1332,825,1096,1115,1346,1383,1315,1319,1341,834,1105,1124,1355
"Škofja Loka",7818,7777,7779,7790,6635,7545,7611,7722,7871,7830,7832,7843,6687,7598,7664,7775,7940,7899,7901,7912,6756,7667,7733,7844,8000,7959,7961,7972,6814,7727,7793,7904,8049,8008,8011,8021,6857,7777,7843,7953,8169,8128,8131,8141,6975,7896,7962,8073,8341,8300,8303,8313,7147,8068,8134,8245,8426,8385,8388,8398,7233,8153,8219,8330,8522,8481,8484,8494,7331,8249,8315,8426
"Škofljica",2731,2710,2716,2707,2291,2552,2614,2678,2757,2736,2742,2733,2315,2578,2640,2704,2781,2760,2766,2757,2338,2602,2664,2728,2809,2788,2794,2785,2366,2630,2692,2756,2848,2827,2833,2824,2404,2669,2731,2795,2887,2866,2872,2863,2443,2708,2770,2834,3217,3196,3202,3193,2772,3038,3100,3164,3268,3247,3253,3244,2814,3089,3151,3215,3298,3277,3283,3274,2844,3119,3181,3245
"Šmarje pri Jelšah",3890,3802,3812,3828,2653,3354,3435,3781,3940,3852,3862,3878,2689,3404,3485,3831,3973,3885,3895,3911,2720,3443,3524,3864,4004,3919,3930,3943,2748,3478,3561,3895,4031,3947,3959,3971,2772,3507,3593,3922,4102,4018,4033,4043,2845,3582,3669,3993,4123,4039,4056,4064,2869,3607,3693,4020,4193,4110,4129,4135,2943,3680,3766,4091,4222,4140,4159,4164,2975,3710,3796,4121
"Šmarješke Toplice",-,-,-,-,-,-,-,-,-,-,-,-,-,-,-,-,-,-,-,-,-,-,-,-,-,-,-,-,-,-,-,-,-,-,-,-,-,-,-,-,1500,1471,1471,1485,924,1318,1359,1479,1504,1475,1475,1489,928,1322,1363,1483,1505,1476,1476,1490,929,1323,1364,1484,1513,1484,1484,1498,937,1331,1372,1492
"Šmartno ob Paki",1119,1085,1085,1093,924,1001,1012,1084,1129,1095,1095,1103,934,1011,1022,1094,1139,1105,1105,1113,944,1021,1032,1104,1146,1112,1112,1120,950,1028,1039,1111,1149,1115,1115,1123,954,1031,1042,1114,1193,1159,1159,1167,998,1075,1086,1158,1203,1169,1169,1177,1008,1085,1096,1168,1230,1196,1196,1204,1025,1112,1123,1195,1240,1206,1206,1214,1036,1122,1134,1205
"Šmartno pri Litiji",1979,1919,1928,1947,1309,1682,1726,1914,2003,1943,1952,1971,1329,1706,1750,1938,2005,1945,1954,1973,1331,1708,1752,1940,2009,1949,1958,1977,1336,1712,1756,1944,2013,1953,1962,1981,1340,1717,1762,1948,2016,1957,1967,1984,1347,1723,1767,1951,2030,1972,1983,1999,1364,1739,1784,1968,2069,2011,2023,2038,1404,1779,1824,2007,2096,2039,2051,2066,1432,1807,1852,2035
"Šoštanj",3101,3067,3071,3089,2831,2906,2936,3002,3134,3100,3104,3122,2864,2939,2969,3035,3163,3129,3133,3151,2891,2968,2998,3064,3179,3145,3149,3167,2908,2985,3014,3080,3197,3163,3167,3185,2923,3003,3032,3098,3209,3175,3179,3197,2935,3015,3044,3110,3255,3221,3225,3243,2981,3061,3090,3158,3277,3243,3247,3265,3003,3083,3112,3180,3292,3258,3262,3280,3018,3098,3127,3195
"Štore",1537,1525,1526,1524,1132,1351,1356,1508,1539,1527,1528,1526,1134,1353,1358,1510,1547,1535,1536,1534,1142,1361,1366,1518,1566,1554,1555,1553,1161,1380,1385,1537,1572,1560,1561,1559,1166,1386,1391,1543,1599,1587,1588,1586,1193,1413,1418,1570,1603,1591,1592,1590,1197,1417,1422,1574,1610,1598,1599,1597,1203,1424,1429,1580,1615,1603,1604,1602,1208,1429,1434,1585
"Tabor",523,509,510,506,384,464,464,513,526,512,513,509,387,467,467,516,526,512,513,509,387,467,467,516,527,513,514,510,389,468,469,517,529,515,516,512,391,470,471,519,535,521,522,518,397,476,477,525,549,535,536,532,411,490,491,539,575,561,562,558,437,516,517,565,585,571,572,568,447,526,527,575
"Tišina",1312,1297,1299,1306,1078,1223,1192,1291,1317,1302,1304,1311,1083,1228,1197,1296,1322,1307,1309,1316,1088,1233,1202,1301,1330,1315,1317,1324,1096,1241,1210,1309,1341,1326,1328,1335,1103,1252,1221,1320,1353,1338,1340,1347,1116,1264,1233,1332,1361,1346,1348,1355,1124,1272,1241,1340,1371,1356,1358,1365,1134,1282,1251,1350,1389,1374,1376,1383,1152,1300,1269,1368
"Tolmin",5354,5272,5279,5259,3362,4818,4900,5275,5384,5302,5309,5289,3390,4848,4931,5305,5401,5320,5327,5307,3415,4871,4954,5325,5416,5335,5342,5322,3433,4886,4971,5341,5432,5351,5358,5338,3443,4902,4989,5357,5448,5368,5376,5355,3457,4924,5008,5375,5464,5384,5392,5371,3475,4942,5026,5396,5497,5417,5425,5404,3508,4976,5062,5429,5513,5433,5441,5420,3523,4992,5078,5445
"Trbovlje",7715,7677,7680,7677,5971,7195,7158,7566,7682,7644,7647,7644,5983,7169,7133,7533,7693,7655,7658,7655,5995,7180,7144,7544,7707,7669,7672,7669,6031,7195,7159,7558,7714,7676,7679,7676,6051,7215,7174,7565,7715,7677,7680,7678,6062,7217,7179,7571,7721,7683,7686,7684,6071,7226,7185,7581,7731,7693,7696,7694,6081,7236,7195,7591,7737,7699,7702,7700,6087,7242,7201,7597
"Trebnje",8282,8060,8078,8141,5096,6816,7090,7948,8369,8147,8165,8228,5147,6903,7177,8035,8470,8248,8266,8329,5220,7009,7281,8137,8591,8373,8391,8451,5334,7138,7406,8259,8651,8442,8460,8517,5392,7210,7476,8328,6286,6159,6167,6200,4167,5326,5517,6043,6373,6255,6263,6295,4264,5422,5613,6140,6438,6323,6331,6363,4333,5492,5681,6208,6477,6362,6370,6402,4379,5535,5720,6247
"Trnovska vas",403,378,380,394,255,316,310,391,415,390,392,406,267,328,322,403,418,393,395,409,271,331,325,406,423,398,400,414,276,336,330,411,427,402,404,418,280,340,334,415,428,403,405,419,281,341,335,416,432,407,409,423,285,345,339,420,435,410,412,426,288,348,342,422,436,411,413,427,288,349,343,423
"Trzin",1288,1288,1288,z,1223,1271,1274,1273,1289,1289,1289,z,z,1272,1275,1274,1290,1290,z,z,1225,1273,1276,1275,1291,1291,1291,z,1226,1274,z,1276,1294,1294,1294,z,1226,1277,1280,1279,1295,1295,1295,z,1227,1278,z,1280,1297,1297,1297,z,1229,1280,z,1282,1336,z,z,z,1269,1319,1322,1321,1337,z,z,z,1270,1320,1323,1322
"Tržiè",5682,5634,5635,5649,4466,5360,5417,5575,5716,5668,5669,5683,4500,5394,5451,5609,5790,5742,5744,5757,4563,5468,5525,5683,5840,5792,5794,5807,4615,5518,5575,5733,5860,5812,5814,5827,4633,5538,5596,5753,5921,5873,5875,5888,4694,5599,5657,5814,5937,5889,5891,5904,4711,5615,5673,5833,5956,5908,5910,5923,4738,5636,5693,5851,5972,5924,5926,5939,4755,5652,5709,5867
"Turnišèe",1054,1029,1029,1031,812,911,882,1038,1067,1042,1042,1044,825,924,895,1051,1074,1049,1049,1051,832,931,902,1058,1079,1054,1054,1056,837,936,907,1063,1084,1059,1059,1061,841,941,912,1068,1088,1063,1063,1065,845,945,916,1072,1091,1066,1066,1068,849,948,919,1076,1104,1079,1079,1081,863,961,933,1083,1111,1086,1086,1088,870,968,940,1090
"Velenje",11796,11709,11710,11772,11440,11540,11553,11452,11827,11742,11743,11803,11480,11578,11589,11486,11940,11855,11856,11916,11593,11691,11702,11599,11977,11892,11893,11954,11633,11729,11739,11636,12003,11920,11921,11982,11658,11757,11767,11664,12072,11989,11990,12051,11727,11826,11836,11733,12128,12045,12046,12107,11783,11882,11892,11789,12160,12077,12078,12139,11815,11914,11924,11821,12492,12409,12410,12471,12148,12246,12256,12153
"Velika Polana",494,482,483,491,357,421,407,z,498,486,487,495,361,425,411,z,501,489,490,z,364,428,414,z,505,493,494,z,368,432,418,z,507,495,496,z,370,434,420,z,510,498,499,z,373,437,423,z,512,500,501,z,376,439,425,z,513,501,502,z,377,440,426,z,518,506,507,z,382,445,431,z
"Velike Lašèe",1642,1601,1602,1606,1070,1440,1454,1596,1647,1606,1607,1611,1074,1445,1459,1601,1660,1619,1620,1624,1083,1458,1472,1614,1669,1628,1629,1633,1091,1467,1481,1623,1680,1639,1640,1644,1100,1478,1492,1634,1689,1648,1649,1653,1109,1487,1501,1643,1700,1659,1660,1664,1120,1498,1512,1654,1709,1668,1669,1673,1129,1507,1521,1663,1717,1676,1677,1681,1137,1515,1529,1671
"Veržej",462,z,z,z,377,436,432,456,466,z,z,z,381,440,436,460,469,z,z,z,384,443,439,463,470,z,z,z,385,444,440,464,482,z,z,z,396,456,452,476,484,z,z,z,398,458,454,478,486,z,z,z,400,460,456,480,489,z,z,z,403,463,459,480,493,z,z,z,407,467,463,484
"Videm",2429,2169,2182,2331,1276,1729,1741,2290,2451,2191,2204,2353,1297,1751,1763,2312,2467,2207,2220,2369,1313,1767,1779,2328,2477,2217,2230,2379,1323,1777,1789,2338,2502,2242,2255,2404,1348,1802,1814,2363,2505,2245,2258,2407,1354,1805,1817,2366,2523,2263,2276,2425,1372,1823,1835,2384,2532,2272,2285,2434,1381,1832,1844,2393,2541,2281,2294,2443,1390,1841,1853,2402
"Vipava",1928,1914,1920,1906,1232,1753,1777,1913,1948,1934,1940,1926,1252,1775,1799,1933,2009,1995,2001,1987,1312,1836,1860,1994,2027,2013,2019,2005,1330,1854,1878,2012,2036,2022,2028,2014,1341,1864,1887,2021,2067,2053,2059,2045,1373,1896,1918,2052,2131,2117,2123,2109,1439,1961,1983,2118,2176,2162,2168,2154,1485,2007,2028,2163,2195,2181,2187,2173,1503,2026,2047,2182
"Vitanje",849,827,828,829,532,696,723,823,857,835,836,837,539,704,731,831,860,838,839,840,542,707,734,834,867,845,846,847,549,714,741,841,871,849,850,851,552,718,745,845,874,852,853,854,555,721,748,848,882,860,861,862,563,729,756,856,886,864,865,866,567,733,760,860,896,874,875,876,577,743,770,870
"Vodice",1261,1254,1255,1254,1068,1201,1197,1249,1274,1267,1268,1267,1085,1215,1210,1262,1296,1289,1290,1289,1109,1238,1234,1284,1319,1312,1313,1312,1135,1262,1257,1307,1348,1341,1342,1341,1165,1292,1286,1336,1383,1376,1377,1376,1201,1329,1321,1371,1412,1405,1406,1405,1231,1358,1350,1403,1461,1454,1455,1454,1280,1407,1399,1452,1489,1482,1483,1482,1308,1435,1427,1480
"Vojnik",2976,2913,2919,2938,2211,2558,2594,2907,3002,2939,2945,2964,2236,2584,2620,2933,3018,2955,2961,2980,2249,2600,2636,2949,3034,2971,2977,2996,2264,2616,2652,2965,3065,3002,3008,3027,2293,2647,2683,2996,3093,3030,3036,3055,2318,2675,2711,3024,3125,3062,3068,3087,2349,2707,2743,3056,3174,3111,3117,3136,2396,2756,2792,3105,3213,3150,3156,3175,2434,2795,2831,3144
"Vransko",856,847,847,847,595,761,747,843,859,850,850,850,600,764,750,846,865,856,856,856,608,771,757,852,868,859,859,859,611,774,760,855,876,867,867,867,619,782,768,863,888,879,879,879,632,794,780,875,1049,1040,1040,1040,794,956,941,1037,1053,1044,1044,1044,798,960,945,1041,1062,1053,1053,1053,807,969,954,1050
"Vrhnika",6455,6405,6407,6434,5618,6190,6204,6348,6518,6468,6470,6497,5679,6253,6267,6411,6623,6573,6575,6602,5783,6358,6372,6516,6703,6653,6655,6682,5867,6439,6452,6596,6848,6798,6800,6827,6005,6584,6597,6741,5863,5824,5826,5848,5128,5632,5645,5777,6026,5987,5989,6011,5291,5795,5808,5940,6085,6047,6049,6071,5351,5856,5868,6000,6146,6110,6112,6133,5417,5919,5931,6062
"Vuzenica",976,970,971,968,801,920,930,949,990,984,985,982,815,934,944,963,998,992,993,990,823,942,952,971,1008,1002,1003,1000,833,952,962,981,1012,1006,1007,1004,837,956,966,985,1016,z,z,1008,842,961,971,989,1016,z,z,1008,843,962,972,990,1022,1017,z,z,849,968,978,995,1025,1020,z,z,853,972,981,998
"Zagorje ob Savi",6499,6440,6443,6470,4998,6085,6118,6376,6524,6465,6468,6495,5023,6110,6143,6401,6547,6488,6491,6518,5047,6133,6166,6424,6645,6586,6595,6622,5153,6237,6270,6522,6668,6609,6618,6645,5176,6260,6294,6546,6674,6615,6630,6651,5196,6277,6308,6552,6677,6618,6633,6654,5207,6281,6311,6564,6693,6634,6650,6670,5229,6303,6328,6580,6706,6647,6663,6685,5250,6318,6343,6594
"Zavrè",834,698,702,788,260,433,459,800,838,702,706,792,262,437,463,804,841,705,709,795,265,440,466,807,845,709,713,799,268,444,470,811,846,710,714,800,269,445,471,812,850,714,718,804,273,449,475,816,855,719,723,809,278,454,480,821,859,723,727,813,282,458,484,823,859,723,727,813,282,458,484,823
"Zreèe",2350,2317,2319,2293,1850,2132,2197,2296,2404,2371,2373,2347,1903,2186,2251,2350,2416,2383,2385,2359,1915,2198,2263,2362,2463,2430,2432,2406,1955,2245,2310,2409,2491,2458,2460,2434,1981,2273,2338,2437,2511,2478,2480,2454,2000,2293,2358,2457,2528,2495,2497,2471,2017,2310,2375,2474,2557,2524,2526,2500,2046,2339,2404,2503,2572,2539,2541,2515,2061,2354,2419,2518
"Žalec",7994,7908,7919,7944,6792,7528,7592,7855,8040,7954,7965,7990,6836,7574,7638,7901,8062,7976,7987,8012,6864,7598,7662,7923,8091,8005,8016,8041,6897,7631,7693,7952,8113,8027,8039,8063,6920,7656,7716,7974,8147,8061,8074,8097,6956,7694,7753,8008,8175,8089,8104,8126,6990,7725,7783,8042,8216,8130,8145,8167,7031,7766,7824,8083,8237,8151,8166,8188,7053,7787,7845,8104
"Železniki",2240,2219,2222,2226,1802,2106,2131,2183,2247,2226,2229,2233,1808,2113,2138,2190,2262,2241,2244,2248,1823,2128,2153,2205,2282,2261,2264,2268,1843,2148,2173,2225,2290,2269,2272,2276,1851,2156,2181,2233,2293,2272,2275,2279,1856,2160,2185,2236,2300,2279,2282,2286,1863,2167,2192,2243,2311,2290,2293,2297,1874,2178,2203,2252,2332,2311,2314,2318,1895,2199,2224,2273
"Žetale",493,451,452,482,297,369,378,471,496,454,455,485,300,372,381,474,499,457,458,488,303,375,384,477,502,460,461,491,306,378,387,480,503,461,462,492,307,379,388,481,506,464,465,495,310,382,391,484,508,466,467,497,312,384,393,486,511,469,470,500,315,387,396,489,511,469,470,500,315,387,396,489
"Žiri",1812,1794,1794,1786,1437,1644,1691,1771,1825,1807,1807,1799,1449,1657,1704,1784,1851,1833,1833,1825,1475,1683,1730,1810,1859,1841,1841,1833,1483,1691,1738,1818,1885,1867,1867,1859,1509,1717,1764,1844,1890,1872,1872,1864,1514,1722,1769,1849,1897,1879,1879,1871,1521,1729,1776,1856,1922,1904,1904,1896,1547,1754,1801,1879,1938,1920,1920,1912,1563,1770,1817,1895
"Žirovnica",1634,1615,1617,1614,1368,1546,1561,1603,1683,1664,1666,1663,1415,1595,1610,1652,1695,1676,1678,1675,1427,1607,1622,1664,1705,1686,1688,1685,1439,1617,1633,1674,1721,1702,1704,1701,1456,1635,1649,1691,1740,1721,1723,1720,1476,1654,1668,1710,1762,1743,1745,1742,1500,1677,1691,1734,1771,1753,1755,1751,1510,1687,1701,1739,1788,1770,1772,1768,1527,1704,1718,1756
"Žužemberk",2232,2083,2102,2130,1164,1692,1750,2138,2243,2094,2113,2141,1175,1703,1761,2149,2255,2106,2125,2153,1187,1715,1773,2161,2264,2115,2134,2162,1196,1724,1782,2170,2275,2126,2145,2173,1204,1735,1793,2181,2284,2135,2154,2182,1213,1744,1802,2190,2293,2144,2163,2191,1222,1753,1811,2199,2297,2148,2167,2195,1226,1757,1815,2203,2305,2156,2175,2203,1234,1765,1823,2211
